Date,Bar Name,Alcohol Type,Brand Name,Forecasted_Demand,Actual_Demand
2023-10-21,Anderson's Bar,Beer,Budweiser,96.06090320649979,0.0
2023-10-26,Anderson's Bar,Beer,Budweiser,80.92990709621418,0.0
2023-11-03,Anderson's Bar,Beer,Budweiser,73.9246134592296,0.0
2023-11-15,Anderson's Bar,Beer,Budweiser,71.47367651751702,0.0
2023-11-29,Anderson's Bar,Beer,Budweiser,98.14321471325346,0.0
2023-12-01,Anderson's Bar,Beer,Budweiser,91.69068789685474,0.0
2023-12-03,Anderson's Bar,Beer,Budweiser,86.31762956344537,0.0
2023-12-18,Anderson's Bar,Beer,Budweiser,158.13015500696542,0.0
2023-12-24,Anderson's Bar,Beer,Budweiser,148.22026263892008,0.0
2023-12-25,Anderson's Bar,Beer,Budweiser,155.7343333268418,0.0
2023-10-16,Anderson's Bar,Beer,Coors,342.34989720620524,357.5
2023-11-04,Anderson's Bar,Beer,Coors,328.6866977350336,152.52
2023-11-08,Anderson's Bar,Beer,Coors,328.5378444520684,225.19
2023-11-09,Anderson's Bar,Beer,Coors,337.6385370701606,461.74
2023-12-05,Anderson's Bar,Beer,Coors,347.408828781612,431.99
2023-12-14,Anderson's Bar,Beer,Coors,334.20842791292165,553.66
2023-12-16,Anderson's Bar,Beer,Coors,411.59997743060393,518.9
2023-12-17,Anderson's Bar,Beer,Coors,360.2457238372333,335.57
2023-12-20,Anderson's Bar,Beer,Coors,335.24988825936254,399.73
2023-12-21,Anderson's Bar,Beer,Coors,345.81776442658025,321.06
2023-10-23,Anderson's Bar,Beer,Heineken,99.01786677183824,0.0
2023-10-25,Anderson's Bar,Beer,Heineken,83.05839287040135,0.0
2023-10-27,Anderson's Bar,Beer,Heineken,95.64720299332208,0.0
2023-10-28,Anderson's Bar,Beer,Heineken,105.22436266235736,543.34
2023-10-31,Anderson's Bar,Beer,Heineken,360.21453279329427,470.51
2023-11-14,Anderson's Bar,Beer,Heineken,111.4089310341751,0.0
2023-11-16,Anderson's Bar,Beer,Heineken,75.71936689973731,0.0
2023-11-21,Anderson's Bar,Beer,Heineken,107.40392871157967,0.0
2023-11-28,Anderson's Bar,Beer,Heineken,114.25440960746843,0.0
2023-12-06,Anderson's Bar,Beer,Heineken,90.07794345177365,0.0
2023-12-07,Anderson's Bar,Beer,Heineken,90.07794345177365,126.54
2023-12-08,Anderson's Bar,Beer,Heineken,364.71832912379415,420.5
2023-12-09,Anderson's Bar,Beer,Heineken,56.42954408051344,0.0
2023-12-10,Anderson's Bar,Beer,Heineken,55.70745954940974,0.0
2023-12-12,Anderson's Bar,Beer,Heineken,73.54857297210381,380.92
2023-12-13,Anderson's Bar,Beer,Heineken,374.45074193185417,581.16
2023-12-23,Anderson's Bar,Beer,Heineken,361.4720929273132,385.5
2023-10-19,Anderson's Bar,Beer,Miller,243.9280450568164,204.35
2023-11-02,Anderson's Bar,Beer,Miller,185.77622673798135,134.19
2023-11-12,Anderson's Bar,Beer,Miller,131.24946649378518,46.23
2023-11-18,Anderson's Bar,Beer,Miller,90.2035299781995,0.0
2023-11-19,Anderson's Bar,Beer,Miller,97.38747047102137,0.0
2023-11-23,Anderson's Bar,Beer,Miller,364.26720243545884,828.93
2023-11-26,Anderson's Bar,Beer,Miller,326.285041854308,421.43
2023-11-30,Anderson's Bar,Beer,Miller,351.9444028095032,389.43
2023-12-11,Anderson's Bar,Beer,Miller,136.92156475416198,28.72
2023-12-22,Anderson's Bar,Beer,Miller,115.8403422520597,0.0
2023-10-25,Anderson's Bar,Rum,Bacardi,337.6816613470251,419.47
2023-10-27,Anderson's Bar,Rum,Bacardi,344.2555487980535,462.03
2023-11-04,Anderson's Bar,Rum,Bacardi,71.08993878927878,0.0
2023-11-22,Anderson's Bar,Rum,Bacardi,102.14702507405106,0.0
2023-11-26,Anderson's Bar,Rum,Bacardi,93.19616384245757,0.0
2023-11-28,Anderson's Bar,Rum,Bacardi,110.49674092544544,447.39
2023-11-30,Anderson's Bar,Rum,Bacardi,343.22290007728645,253.14
2023-12-03,Anderson's Bar,Rum,Bacardi,373.8955157398316,385.4
2023-12-07,Anderson's Bar,Rum,Bacardi,358.52028112290617,323.19
2023-12-10,Anderson's Bar,Rum,Bacardi,391.6003558272278,517.0
2023-12-23,Anderson's Bar,Rum,Bacardi,337.10384733556054,319.29
2023-12-27,Anderson's Bar,Rum,Bacardi,314.9062617138433,475.96
2023-12-28,Anderson's Bar,Rum,Bacardi,328.3663824786366,502.15
2023-12-29,Anderson's Bar,Rum,Bacardi,303.90126967509264,498.25
2023-10-19,Anderson's Bar,Rum,Captain Morgan,372.13410988052954,221.9
2023-10-20,Anderson's Bar,Rum,Captain Morgan,374.3925706175406,502.89
2023-10-28,Anderson's Bar,Rum,Captain Morgan,369.675676027527,374.87
2023-10-31,Anderson's Bar,Rum,Captain Morgan,358.41146557358735,222.58
2023-11-03,Anderson's Bar,Rum,Captain Morgan,353.7661647297367,479.39
2023-11-05,Anderson's Bar,Rum,Captain Morgan,376.10418633063364,269.92
2023-11-07,Anderson's Bar,Rum,Captain Morgan,365.0409134650462,459.83
2023-11-08,Anderson's Bar,Rum,Captain Morgan,370.1569926822662,120.09
2023-11-18,Anderson's Bar,Rum,Captain Morgan,347.14968557899675,164.6
2023-11-19,Anderson's Bar,Rum,Captain Morgan,331.8946385169367,219.73
2023-11-21,Anderson's Bar,Rum,Captain Morgan,341.8162424967703,138.81
2023-11-24,Anderson's Bar,Rum,Captain Morgan,330.9592268884571,113.21
2023-12-01,Anderson's Bar,Rum,Captain Morgan,414.6425435593587,579.33
2023-12-09,Anderson's Bar,Rum,Captain Morgan,344.6845811309845,245.76
2023-12-11,Anderson's Bar,Rum,Captain Morgan,341.68265240441485,246.17
2023-12-13,Anderson's Bar,Rum,Captain Morgan,341.80034286609975,256.96
2023-12-15,Anderson's Bar,Rum,Captain Morgan,334.38461500537096,291.35
2023-12-18,Anderson's Bar,Rum,Captain Morgan,338.398246384337,278.88
2023-10-17,Anderson's Bar,Rum,Malibu,304.1473341132016,279.02
2023-10-18,Anderson's Bar,Rum,Malibu,348.44060273499394,506.65
2023-10-23,Anderson's Bar,Rum,Malibu,361.7500021811602,471.11
2023-10-30,Anderson's Bar,Rum,Malibu,262.2255877013501,289.48
2023-11-01,Anderson's Bar,Rum,Malibu,125.9771316746605,85.65
2023-11-06,Anderson's Bar,Rum,Malibu,85.47063571071172,0.0
2023-11-10,Anderson's Bar,Rum,Malibu,72.24619656158484,0.0
2023-11-12,Anderson's Bar,Rum,Malibu,92.92675456797154,0.0
2023-11-17,Anderson's Bar,Rum,Malibu,86.23152787517598,0.0
2023-11-23,Anderson's Bar,Rum,Malibu,103.20434226779255,175.05
2023-10-19,Anderson's Bar,Vodka,Absolut,344.8238093917058,174.39
2023-10-24,Anderson's Bar,Vodka,Absolut,341.2448286403379,401.81
2023-10-31,Anderson's Bar,Vodka,Absolut,341.60042354132577,319.64
2023-11-05,Anderson's Bar,Vodka,Absolut,343.2487450907942,248.98
2023-11-07,Anderson's Bar,Vodka,Absolut,342.46058758492575,445.86
2023-11-10,Anderson's Bar,Vodka,Absolut,345.8230780467784,517.2
2023-11-17,Anderson's Bar,Vodka,Absolut,338.94944574300524,139.16
2023-11-24,Anderson's Bar,Vodka,Absolut,338.1716336814103,480.21
2023-12-06,Anderson's Bar,Vodka,Absolut,341.21857955540344,504.45
2023-12-07,Anderson's Bar,Vodka,Absolut,293.7268227831902,130.5
2023-12-10,Anderson's Bar,Vodka,Absolut,313.34704978823567,160.78
2023-12-16,Anderson's Bar,Vodka,Absolut,283.22715970893864,186.47
2023-12-18,Anderson's Bar,Vodka,Absolut,111.87720819764984,0.0
2023-10-22,Anderson's Bar,Vodka,Grey Goose,350.85885898165486,443.4
2023-10-26,Anderson's Bar,Vodka,Grey Goose,371.4848444301148,552.25
2023-11-08,Anderson's Bar,Vodka,Grey Goose,343.96546740156657,257.42
2023-11-11,Anderson's Bar,Vodka,Grey Goose,341.6677032982879,332.37
2023-11-12,Anderson's Bar,Vodka,Grey Goose,339.8367566185174,370.98
2023-11-29,Anderson's Bar,Vodka,Grey Goose,343.8386059550607,214.98
2023-12-02,Anderson's Bar,Vodka,Grey Goose,331.37392466838423,137.56
2023-12-04,Anderson's Bar,Vodka,Grey Goose,313.8761985954116,314.19
2023-12-17,Anderson's Bar,Vodka,Grey Goose,116.8381352819141,386.2
2023-12-21,Anderson's Bar,Vodka,Grey Goose,150.4026792941195,154.7
2023-12-27,Anderson's Bar,Vodka,Grey Goose,76.21013673923221,0.0
2023-10-16,Anderson's Bar,Vodka,Smirnoff,334.6996039430055,282.41
2023-10-23,Anderson's Bar,Vodka,Smirnoff,344.83637487164486,230.14
2023-10-28,Anderson's Bar,Vodka,Smirnoff,371.2098916696999,572.05
2023-11-04,Anderson's Bar,Vodka,Smirnoff,353.71792242152947,584.73
2023-11-19,Anderson's Bar,Vodka,Smirnoff,329.1421528011897,218.43
2023-11-20,Anderson's Bar,Vodka,Smirnoff,343.60108552159204,516.47
2023-11-25,Anderson's Bar,Vodka,Smirnoff,364.2395181581981,286.26
2023-11-27,Anderson's Bar,Vodka,Smirnoff,348.68194641819935,451.28
2023-11-30,Anderson's Bar,Vodka,Smirnoff,379.7565645605191,1069.03
2023-12-05,Anderson's Bar,Vodka,Smirnoff,366.029431644846,401.37
2023-12-08,Anderson's Bar,Vodka,Smirnoff,335.8961522001496,169.75
2023-12-09,Anderson's Bar,Vodka,Smirnoff,361.4728455307086,266.69
2023-12-23,Anderson's Bar,Vodka,Smirnoff,336.83314256783973,326.93
2023-10-18,Anderson's Bar,Whiskey,Jack Daniels,371.36437776417193,528.61
2023-10-28,Anderson's Bar,Whiskey,Jack Daniels,343.2260760526567,502.84
2023-10-29,Anderson's Bar,Whiskey,Jack Daniels,345.6858262442259,539.27
2023-10-30,Anderson's Bar,Whiskey,Jack Daniels,355.273740563357,149.88
2023-11-03,Anderson's Bar,Whiskey,Jack Daniels,343.41300974769894,257.63
2023-11-08,Anderson's Bar,Whiskey,Jack Daniels,353.99169102163637,356.22
2023-11-17,Anderson's Bar,Whiskey,Jack Daniels,337.4090045164249,180.82
2023-11-21,Anderson's Bar,Whiskey,Jack Daniels,498.61535963682655,987.04
2023-11-26,Anderson's Bar,Whiskey,Jack Daniels,335.2357300362777,134.89
2023-11-28,Anderson's Bar,Whiskey,Jack Daniels,363.67242681690766,454.75
2023-12-02,Anderson's Bar,Whiskey,Jack Daniels,357.6996470513744,213.76
2023-12-07,Anderson's Bar,Whiskey,Jack Daniels,357.11874396562035,286.67
2023-12-10,Anderson's Bar,Whiskey,Jack Daniels,343.46062058031106,296.29
2023-12-15,Anderson's Bar,Whiskey,Jack Daniels,391.01631482342316,409.74
2023-12-20,Anderson's Bar,Whiskey,Jack Daniels,363.6118657670047,210.97
2023-12-22,Anderson's Bar,Whiskey,Jack Daniels,342.6663712800671,0.0
2023-12-25,Anderson's Bar,Whiskey,Jack Daniels,324.4486387503006,197.6
2023-10-23,Anderson's Bar,Whiskey,Jameson,204.99356600714205,134.24
2023-10-26,Anderson's Bar,Whiskey,Jameson,363.9530679471926,482.49
2023-11-04,Anderson's Bar,Whiskey,Jameson,64.7659529110711,0.0
2023-11-10,Anderson's Bar,Whiskey,Jameson,72.32735852146247,0.0
2023-11-11,Anderson's Bar,Whiskey,Jameson,145.3629219849817,195.42
2023-11-14,Anderson's Bar,Whiskey,Jameson,341.31355147615574,394.86
2023-11-19,Anderson's Bar,Whiskey,Jameson,350.0519856792001,422.5
2023-11-24,Anderson's Bar,Whiskey,Jameson,342.5337544009247,402.12
2023-11-25,Anderson's Bar,Whiskey,Jameson,265.45121040908543,228.2
2023-12-11,Anderson's Bar,Whiskey,Jameson,340.42637349573454,102.39
2023-12-14,Anderson's Bar,Whiskey,Jameson,353.03098897286276,416.72
2023-12-17,Anderson's Bar,Whiskey,Jameson,322.99084524853464,248.19
2023-12-27,Anderson's Bar,Whiskey,Jameson,345.64430577969705,474.96
2023-10-16,Anderson's Bar,Whiskey,Jim Beam,342.4547578784774,282.18
2023-10-17,Anderson's Bar,Whiskey,Jim Beam,342.8236297848487,431.41
2023-10-25,Anderson's Bar,Whiskey,Jim Beam,348.03604921562015,564.96
2023-11-05,Anderson's Bar,Whiskey,Jim Beam,351.7068695300733,563.96
2023-11-13,Anderson's Bar,Whiskey,Jim Beam,348.85093581081964,207.93
2023-11-15,Anderson's Bar,Whiskey,Jim Beam,350.74924906828653,588.26
2023-11-16,Anderson's Bar,Whiskey,Jim Beam,342.8201350381264,375.69
2023-11-18,Anderson's Bar,Whiskey,Jim Beam,360.12516895601476,459.61
2023-11-29,Anderson's Bar,Whiskey,Jim Beam,335.92260833578166,411.97
2023-12-01,Anderson's Bar,Whiskey,Jim Beam,357.1110611674696,253.15
2023-12-04,Anderson's Bar,Whiskey,Jim Beam,352.7436652630398,181.11
2023-12-08,Anderson's Bar,Whiskey,Jim Beam,357.1573191716797,526.95
2023-12-13,Anderson's Bar,Whiskey,Jim Beam,336.9786012232609,582.53
2023-12-19,Anderson's Bar,Whiskey,Jim Beam,342.2009361546636,500.0
2023-12-23,Anderson's Bar,Whiskey,Jim Beam,337.7160337659014,255.12
2023-12-24,Anderson's Bar,Whiskey,Jim Beam,335.78969924230165,425.97
2023-12-26,Anderson's Bar,Whiskey,Jim Beam,345.3432804585923,582.97
2023-12-28,Anderson's Bar,Whiskey,Jim Beam,331.0991755637186,100.44
2023-10-19,Anderson's Bar,Wine,Barefoot,362.8616942095404,587.94
2023-10-20,Anderson's Bar,Wine,Barefoot,341.7646910761524,349.94
2023-11-05,Anderson's Bar,Wine,Barefoot,346.59584663901444,573.65
2023-11-12,Anderson's Bar,Wine,Barefoot,310.24597841259435,231.8
2023-11-16,Anderson's Bar,Wine,Barefoot,347.5673888983506,384.85
2023-11-21,Anderson's Bar,Wine,Barefoot,317.5542739110756,250.5
2023-11-30,Anderson's Bar,Wine,Barefoot,354.6858265605503,287.17
2023-12-02,Anderson's Bar,Wine,Barefoot,332.44968482831956,124.88
2023-12-03,Anderson's Bar,Wine,Barefoot,333.20961724988695,275.74
2023-12-09,Anderson's Bar,Wine,Barefoot,376.8322000282455,513.52
2023-12-12,Anderson's Bar,Wine,Barefoot,356.61716749399227,287.38
2023-12-19,Anderson's Bar,Wine,Barefoot,278.13522993716407,194.55
2023-12-27,Anderson's Bar,Wine,Barefoot,311.2088714244041,142.77
2023-10-18,Anderson's Bar,Wine,Sutter Home,350.4458552141733,515.95
2023-10-21,Anderson's Bar,Wine,Sutter Home,345.46273577613164,570.39
2023-10-26,Anderson's Bar,Wine,Sutter Home,340.20165558262136,506.56
2023-10-31,Anderson's Bar,Wine,Sutter Home,371.2446577334558,551.82
2023-11-01,Anderson's Bar,Wine,Sutter Home,389.11384779449924,583.59
2023-11-09,Anderson's Bar,Wine,Sutter Home,378.61081801781603,521.1
2023-11-10,Anderson's Bar,Wine,Sutter Home,368.8424228305346,311.64
2023-11-13,Anderson's Bar,Wine,Sutter Home,323.5920108699013,550.97
2023-11-27,Anderson's Bar,Wine,Sutter Home,350.8327203200295,468.75
2023-12-16,Anderson's Bar,Wine,Sutter Home,322.5027899828375,551.09
2023-10-17,Anderson's Bar,Wine,Yellow Tail,86.74572341364276,0.0
2023-10-22,Anderson's Bar,Wine,Yellow Tail,68.66705726180273,0.0
2023-10-24,Anderson's Bar,Wine,Yellow Tail,71.84839558340735,0.0
2023-10-25,Anderson's Bar,Wine,Yellow Tail,28.612667118661818,0.0
2023-10-29,Anderson's Bar,Wine,Yellow Tail,83.80283371285208,0.0
2023-11-02,Anderson's Bar,Wine,Yellow Tail,69.12061108155913,212.4
2023-11-06,Anderson's Bar,Wine,Yellow Tail,294.4820993218597,157.19
2023-11-20,Anderson's Bar,Wine,Yellow Tail,305.498141989606,223.68
2023-11-22,Anderson's Bar,Wine,Yellow Tail,339.8344031497949,543.62
2023-11-24,Anderson's Bar,Wine,Yellow Tail,267.4023776805715,399.62
2023-11-28,Anderson's Bar,Wine,Yellow Tail,343.11182548382163,166.85
2023-11-29,Anderson's Bar,Wine,Yellow Tail,371.87492706960234,574.61
2023-12-01,Anderson's Bar,Wine,Yellow Tail,349.8963166635121,578.59
2023-12-04,Anderson's Bar,Wine,Yellow Tail,374.62538994834694,269.96
2023-12-11,Anderson's Bar,Wine,Yellow Tail,324.0701687624901,182.91
2023-12-14,Anderson's Bar,Wine,Yellow Tail,329.4246146573912,172.99
2023-12-15,Anderson's Bar,Wine,Yellow Tail,369.16974342246976,451.66
2023-12-17,Anderson's Bar,Wine,Yellow Tail,300.8774109730718,243.14
2023-12-21,Anderson's Bar,Wine,Yellow Tail,306.63869573033395,129.41
2023-11-02,Brown's Bar,Beer,Budweiser,329.03084477569,0.0
2023-11-23,Brown's Bar,Beer,Budweiser,342.26409487825407,151.29
2023-11-24,Brown's Bar,Beer,Budweiser,339.732552310049,135.87
2023-11-25,Brown's Bar,Beer,Budweiser,376.11680780067974,598.89
2023-11-27,Brown's Bar,Beer,Budweiser,340.53960170973323,544.37
2023-12-01,Brown's Bar,Beer,Budweiser,297.5650526367391,164.59
2023-12-05,Brown's Bar,Beer,Budweiser,337.1207974256797,461.78
2023-12-19,Brown's Bar,Beer,Budweiser,65.72316479781966,0.0
2023-10-21,Brown's Bar,Beer,Coors,332.6336321607231,269.95
2023-11-04,Brown's Bar,Beer,Coors,355.1990817148892,979.89
2023-11-07,Brown's Bar,Beer,Coors,316.6037946100137,237.04
2023-11-10,Brown's Bar,Beer,Coors,353.9005763333932,598.82
2023-11-11,Brown's Bar,Beer,Coors,322.8946146109035,261.95
2023-11-14,Brown's Bar,Beer,Coors,455.94250975473653,512.75
2023-11-15,Brown's Bar,Beer,Coors,331.38003938763063,100.27
2023-11-30,Brown's Bar,Beer,Coors,349.14930465430393,280.73
2023-12-21,Brown's Bar,Beer,Coors,332.1332037998498,938.99
2023-12-23,Brown's Bar,Beer,Coors,288.34282481266104,480.28
2023-12-24,Brown's Bar,Beer,Coors,207.55959291076246,0.0
2023-10-24,Brown's Bar,Beer,Heineken,330.9971206901304,196.56
2023-10-28,Brown's Bar,Beer,Heineken,331.82182120799894,538.12
2023-11-13,Brown's Bar,Beer,Heineken,307.0272713985821,307.51
2023-11-22,Brown's Bar,Beer,Heineken,338.2100021912514,341.2
2023-11-26,Brown's Bar,Beer,Heineken,355.241734657001,511.13
2023-12-13,Brown's Bar,Beer,Heineken,336.83735774399287,575.55
2023-12-17,Brown's Bar,Beer,Heineken,334.14364255217544,111.63
2023-10-16,Brown's Bar,Beer,Miller,355.0750481226186,540.24
2023-10-22,Brown's Bar,Beer,Miller,350.7058981697655,189.65
2023-10-25,Brown's Bar,Beer,Miller,327.5194541115565,254.1
2023-11-12,Brown's Bar,Beer,Miller,324.9326906520646,232.33
2023-11-29,Brown's Bar,Beer,Miller,298.57982715969547,146.88
2023-12-02,Brown's Bar,Beer,Miller,99.1163030064006,74.02
2023-12-03,Brown's Bar,Beer,Miller,91.58961461368386,0.0
2023-12-04,Brown's Bar,Beer,Miller,94.6040521422978,136.03
2023-10-16,Brown's Bar,Rum,Bacardi,355.0628571832192,561.66
2023-10-21,Brown's Bar,Rum,Bacardi,342.14050381071695,280.88
2023-10-25,Brown's Bar,Rum,Bacardi,323.14023529925083,261.65
2023-10-29,Brown's Bar,Rum,Bacardi,321.2531993729281,162.73
2023-11-11,Brown's Bar,Rum,Bacardi,368.67829136578115,143.93
2023-11-12,Brown's Bar,Rum,Bacardi,369.6437434074479,309.39
2023-11-14,Brown's Bar,Rum,Bacardi,377.0434966465749,413.46
2023-11-26,Brown's Bar,Rum,Bacardi,355.27808646598015,212.22
2023-12-03,Brown's Bar,Rum,Bacardi,332.2863194513388,469.01
2023-12-04,Brown's Bar,Rum,Bacardi,369.4532544526991,432.06
2023-12-05,Brown's Bar,Rum,Bacardi,359.43630905530136,403.75
2023-12-08,Brown's Bar,Rum,Bacardi,350.00738318068073,239.36
2023-12-15,Brown's Bar,Rum,Bacardi,316.0731723173258,357.54
2023-12-19,Brown's Bar,Rum,Bacardi,334.36883218119766,166.88
2023-12-23,Brown's Bar,Rum,Bacardi,320.9940100584726,0.0
2023-12-25,Brown's Bar,Rum,Bacardi,358.52655433105934,353.96
2023-12-27,Brown's Bar,Rum,Bacardi,349.0385040158505,266.72
2023-10-19,Brown's Bar,Rum,Captain Morgan,252.40293637783137,324.34
2023-10-22,Brown's Bar,Rum,Captain Morgan,71.95879339920216,0.0
2023-10-26,Brown's Bar,Rum,Captain Morgan,63.055804786795306,0.0
2023-10-31,Brown's Bar,Rum,Captain Morgan,83.31598810765247,0.0
2023-11-06,Brown's Bar,Rum,Captain Morgan,84.24955887524655,0.0
2023-11-17,Brown's Bar,Rum,Captain Morgan,87.5544145743902,0.0
2023-11-20,Brown's Bar,Rum,Captain Morgan,83.66701496867563,0.0
2023-11-23,Brown's Bar,Rum,Captain Morgan,302.60503715319226,145.58
2023-11-25,Brown's Bar,Rum,Captain Morgan,343.1026472033055,133.35
2023-11-28,Brown's Bar,Rum,Captain Morgan,352.69953149062565,271.42
2023-12-06,Brown's Bar,Rum,Captain Morgan,347.9049190033138,228.66
2023-12-11,Brown's Bar,Rum,Captain Morgan,342.37080453587265,316.13
2023-12-12,Brown's Bar,Rum,Captain Morgan,353.3355871269573,523.79
2023-10-18,Brown's Bar,Rum,Malibu,328.53633237318803,534.5
2023-10-27,Brown's Bar,Rum,Malibu,248.71227569152427,273.33
2023-11-01,Brown's Bar,Rum,Malibu,54.81890631525122,0.0
2023-11-03,Brown's Bar,Rum,Malibu,58.010711405966404,0.0
2023-11-05,Brown's Bar,Rum,Malibu,64.91612312471779,0.0
2023-11-07,Brown's Bar,Rum,Malibu,67.05260489913371,0.0
2023-11-09,Brown's Bar,Rum,Malibu,113.93233861375943,0.0
2023-11-16,Brown's Bar,Rum,Malibu,116.7934992546473,459.82
2023-11-19,Brown's Bar,Rum,Malibu,299.82520691278614,219.72
2023-11-27,Brown's Bar,Rum,Malibu,330.6839911049691,112.94
2023-11-29,Brown's Bar,Rum,Malibu,344.0242674508247,122.48
2023-12-02,Brown's Bar,Rum,Malibu,355.6732011944209,308.83
2023-12-10,Brown's Bar,Rum,Malibu,354.033687986753,740.96
2023-12-13,Brown's Bar,Rum,Malibu,250.23261716357734,273.1
2023-12-14,Brown's Bar,Rum,Malibu,342.3343231526162,324.93
2023-12-20,Brown's Bar,Rum,Malibu,360.3606196448909,441.95
2023-12-21,Brown's Bar,Rum,Malibu,357.2779554152241,120.81
2023-12-24,Brown's Bar,Rum,Malibu,335.00370920509454,401.13
2023-12-26,Brown's Bar,Rum,Malibu,336.04282406142966,424.45
2023-12-29,Brown's Bar,Rum,Malibu,328.1080546940218,341.87
2023-12-31,Brown's Bar,Rum,Malibu,306.10189680234777,416.29
2023-10-24,Brown's Bar,Vodka,Absolut,233.0479580161859,348.45
2023-10-31,Brown's Bar,Vodka,Absolut,321.5278866172318,307.12
2023-11-02,Brown's Bar,Vodka,Absolut,308.3659582706042,287.89
2023-11-16,Brown's Bar,Vodka,Absolut,351.77128252364724,103.46
2023-11-21,Brown's Bar,Vodka,Absolut,351.7222036965232,288.35
2023-12-04,Brown's Bar,Vodka,Absolut,335.4587588770691,215.73
2023-12-15,Brown's Bar,Vodka,Absolut,347.5725912345018,245.02
2023-12-19,Brown's Bar,Vodka,Absolut,333.1897792276404,321.33
2023-12-22,Brown's Bar,Vodka,Absolut,348.64968755770303,160.21
2023-10-17,Brown's Bar,Vodka,Grey Goose,342.81074441464375,158.36
2023-10-19,Brown's Bar,Vodka,Grey Goose,338.4071397665425,322.9
2023-10-20,Brown's Bar,Vodka,Grey Goose,380.43810729470664,1125.23
2023-11-01,Brown's Bar,Vodka,Grey Goose,345.0401526035534,434.48
2023-11-11,Brown's Bar,Vodka,Grey Goose,318.60058432368675,201.3
2023-11-12,Brown's Bar,Vodka,Grey Goose,311.7983495947435,193.49
2023-11-15,Brown's Bar,Vodka,Grey Goose,365.6731647894146,569.18
2023-11-17,Brown's Bar,Vodka,Grey Goose,348.0657227428946,457.92
2023-11-18,Brown's Bar,Vodka,Grey Goose,346.6973237848725,571.23
2023-11-19,Brown's Bar,Vodka,Grey Goose,360.6526005167601,382.75
2023-11-20,Brown's Bar,Vodka,Grey Goose,331.41771427847294,168.84
2023-11-22,Brown's Bar,Vodka,Grey Goose,319.3289234118001,0.0
2023-11-23,Brown's Bar,Vodka,Grey Goose,346.6524650656568,384.05
2023-11-27,Brown's Bar,Vodka,Grey Goose,343.9803432725632,493.03
2023-11-29,Brown's Bar,Vodka,Grey Goose,361.3138858976802,380.23
2023-12-07,Brown's Bar,Vodka,Grey Goose,357.19458316914614,100.88
2023-12-09,Brown's Bar,Vodka,Grey Goose,341.9770677287751,537.56
2023-12-12,Brown's Bar,Vodka,Grey Goose,102.95575823338152,80.59
2023-12-20,Brown's Bar,Vodka,Grey Goose,86.57370835761922,0.0
2023-12-28,Brown's Bar,Vodka,Grey Goose,85.62693890654486,0.0
2023-10-18,Brown's Bar,Vodka,Smirnoff,319.4679663041139,518.12
2023-10-22,Brown's Bar,Vodka,Smirnoff,340.50494003870364,390.95
2023-10-29,Brown's Bar,Vodka,Smirnoff,336.90953718790104,315.64
2023-10-30,Brown's Bar,Vodka,Smirnoff,272.6031866367227,257.14
2023-11-06,Brown's Bar,Vodka,Smirnoff,186.39380915250612,547.64
2023-11-07,Brown's Bar,Vodka,Smirnoff,419.53017069214025,462.7
2023-11-08,Brown's Bar,Vodka,Smirnoff,306.4245884863837,102.15
2023-11-13,Brown's Bar,Vodka,Smirnoff,313.93014305069255,352.84
2023-11-24,Brown's Bar,Vodka,Smirnoff,128.0444592958113,114.57
2023-11-30,Brown's Bar,Vodka,Smirnoff,340.9946353631105,422.25
2023-12-02,Brown's Bar,Vodka,Smirnoff,317.75692416387136,130.34
2023-12-03,Brown's Bar,Vodka,Smirnoff,329.8945329630139,331.4
2023-12-11,Brown's Bar,Vodka,Smirnoff,183.78212717272132,167.81
2023-12-14,Brown's Bar,Vodka,Smirnoff,114.04687841572671,0.0
2023-12-24,Brown's Bar,Vodka,Smirnoff,198.76796400964784,550.74
2023-12-26,Brown's Bar,Vodka,Smirnoff,276.91837599357393,252.39
2023-10-30,Brown's Bar,Whiskey,Jack Daniels,91.43343057165532,0.0
2023-11-03,Brown's Bar,Whiskey,Jack Daniels,91.85896896555026,0.0
2023-11-05,Brown's Bar,Whiskey,Jack Daniels,152.33405831162656,0.0
2023-11-14,Brown's Bar,Whiskey,Jack Daniels,160.36631251767076,593.42
2023-11-19,Brown's Bar,Whiskey,Jack Daniels,148.22848866322158,59.17
2023-11-21,Brown's Bar,Whiskey,Jack Daniels,107.5131121698564,0.0
2023-11-25,Brown's Bar,Whiskey,Jack Daniels,88.01204511909168,0.0
2023-11-28,Brown's Bar,Whiskey,Jack Daniels,97.2385954562703,0.0
2023-12-04,Brown's Bar,Whiskey,Jack Daniels,78.54934677790865,0.0
2023-12-05,Brown's Bar,Whiskey,Jack Daniels,78.54934677790865,0.0
2023-12-09,Brown's Bar,Whiskey,Jack Daniels,78.54934677790865,0.0
2023-12-10,Brown's Bar,Whiskey,Jack Daniels,93.27102857086781,0.0
2023-12-15,Brown's Bar,Whiskey,Jack Daniels,86.9896925968569,0.0
2023-12-16,Brown's Bar,Whiskey,Jack Daniels,86.9896925968569,159.04
2023-12-20,Brown's Bar,Whiskey,Jack Daniels,356.20814736934125,499.89
2023-10-20,Brown's Bar,Whiskey,Jameson,355.2520607579404,309.71
2023-10-21,Brown's Bar,Whiskey,Jameson,343.94564650956346,199.38
2023-10-23,Brown's Bar,Whiskey,Jameson,352.2150470734938,492.97
2023-10-28,Brown's Bar,Whiskey,Jameson,360.09657221767725,323.44
2023-11-01,Brown's Bar,Whiskey,Jameson,353.50251130420565,496.39
2023-11-10,Brown's Bar,Whiskey,Jameson,291.2724153421892,418.64
2023-11-15,Brown's Bar,Whiskey,Jameson,333.05044197473353,373.47
2023-11-17,Brown's Bar,Whiskey,Jameson,345.7681464247724,585.12
2023-11-22,Brown's Bar,Whiskey,Jameson,331.16752926680545,140.21
2023-11-24,Brown's Bar,Whiskey,Jameson,341.6332943133317,443.99
2023-11-30,Brown's Bar,Whiskey,Jameson,321.50669158124816,226.85
2023-12-06,Brown's Bar,Whiskey,Jameson,343.31120770305773,428.02
2023-12-12,Brown's Bar,Whiskey,Jameson,343.95831720745394,462.8
2023-12-13,Brown's Bar,Whiskey,Jameson,337.99622991245565,295.9
2023-12-18,Brown's Bar,Whiskey,Jameson,380.8495280190333,934.85
2023-10-17,Brown's Bar,Whiskey,Jim Beam,344.5640466922252,198.62
2023-10-24,Brown's Bar,Whiskey,Jim Beam,329.1323028507255,219.59
2023-10-25,Brown's Bar,Whiskey,Jim Beam,339.87921011841786,459.96
2023-10-27,Brown's Bar,Whiskey,Jim Beam,316.5043256671469,475.54
2023-11-02,Brown's Bar,Whiskey,Jim Beam,64.44040962766724,0.0
2023-11-04,Brown's Bar,Whiskey,Jim Beam,169.50228571233035,547.98
2023-11-06,Brown's Bar,Whiskey,Jim Beam,557.7967236248511,960.19
2023-11-07,Brown's Bar,Whiskey,Jim Beam,286.1788407660032,277.64
2023-11-09,Brown's Bar,Whiskey,Jim Beam,229.26888598303134,344.07
2023-11-13,Brown's Bar,Whiskey,Jim Beam,372.4511278608107,548.19
2023-11-20,Brown's Bar,Whiskey,Jim Beam,397.07035021102996,312.54
2023-11-26,Brown's Bar,Whiskey,Jim Beam,340.76621411715905,466.06
2023-12-07,Brown's Bar,Whiskey,Jim Beam,353.1070537549034,203.45
2023-12-17,Brown's Bar,Whiskey,Jim Beam,381.54665597381154,0.0
2023-12-25,Brown's Bar,Whiskey,Jim Beam,344.58329951071465,352.59
2023-12-28,Brown's Bar,Whiskey,Jim Beam,331.50447434795603,174.65
2023-12-29,Brown's Bar,Whiskey,Jim Beam,286.64589124771265,165.09
2023-10-16,Brown's Bar,Wine,Barefoot,332.0109346959136,321.74
2023-10-19,Brown's Bar,Wine,Barefoot,337.64229354958616,167.12
2023-11-08,Brown's Bar,Wine,Barefoot,350.40881433373096,505.69
2023-11-11,Brown's Bar,Wine,Barefoot,334.61543118979637,549.76
2023-11-16,Brown's Bar,Wine,Barefoot,337.5022240011714,369.54
2023-11-18,Brown's Bar,Wine,Barefoot,391.0191428995708,381.27
2023-12-08,Brown's Bar,Wine,Barefoot,342.3732743886191,418.8
2023-12-09,Brown's Bar,Wine,Barefoot,442.02799469436104,705.05
2023-12-16,Brown's Bar,Wine,Barefoot,321.6084711120327,100.74
2023-12-19,Brown's Bar,Wine,Barefoot,320.17031132082127,109.2
2023-12-22,Brown's Bar,Wine,Barefoot,311.79606469184955,323.05
2023-12-24,Brown's Bar,Wine,Barefoot,221.39792147274338,0.0
2023-12-25,Brown's Bar,Wine,Barefoot,327.3152862844204,287.53
2023-12-31,Brown's Bar,Wine,Barefoot,301.9076329605415,155.61
2023-10-22,Brown's Bar,Wine,Sutter Home,401.1400669755958,408.67
2023-10-23,Brown's Bar,Wine,Sutter Home,403.39345635955164,437.81
2023-10-25,Brown's Bar,Wine,Sutter Home,331.8739375842823,137.49
2023-10-26,Brown's Bar,Wine,Sutter Home,325.34070054939076,421.53
2023-10-31,Brown's Bar,Wine,Sutter Home,321.89812309183407,117.54
2023-11-02,Brown's Bar,Wine,Sutter Home,328.6065831872408,311.54
2023-11-09,Brown's Bar,Wine,Sutter Home,309.0846026567735,321.54
2023-11-12,Brown's Bar,Wine,Sutter Home,323.0822776652856,160.28
2023-11-15,Brown's Bar,Wine,Sutter Home,358.6668892153649,329.76
2023-11-25,Brown's Bar,Wine,Sutter Home,345.49933623036736,373.49
2023-11-26,Brown's Bar,Wine,Sutter Home,327.3651219216819,179.96
2023-12-01,Brown's Bar,Wine,Sutter Home,316.90492315604985,128.53
2023-10-17,Brown's Bar,Wine,Yellow Tail,326.8580531743349,307.04
2023-10-18,Brown's Bar,Wine,Yellow Tail,330.4690770238047,271.7
2023-10-29,Brown's Bar,Wine,Yellow Tail,372.0293123079849,620.5
2023-11-01,Brown's Bar,Wine,Yellow Tail,334.49969002515843,207.92
2023-11-03,Brown's Bar,Wine,Yellow Tail,332.4007471462252,217.05
2023-11-10,Brown's Bar,Wine,Yellow Tail,354.73432166554954,314.57
2023-11-19,Brown's Bar,Wine,Yellow Tail,363.6639833453579,465.81
2023-11-20,Brown's Bar,Wine,Yellow Tail,324.98292822673056,0.0
2023-11-23,Brown's Bar,Wine,Yellow Tail,326.2272866250107,190.48
2023-11-28,Brown's Bar,Wine,Yellow Tail,345.7409593518669,434.71
2023-11-29,Brown's Bar,Wine,Yellow Tail,335.09200493567226,280.2
2023-12-02,Brown's Bar,Wine,Yellow Tail,331.1282213800644,312.9
2023-12-05,Brown's Bar,Wine,Yellow Tail,342.96316386538604,422.21
2023-12-12,Brown's Bar,Wine,Yellow Tail,336.22228771144023,1118.28
2023-12-13,Brown's Bar,Wine,Yellow Tail,226.16583452162905,269.05
2023-12-14,Brown's Bar,Wine,Yellow Tail,268.91560134346855,441.83
2023-12-29,Brown's Bar,Wine,Yellow Tail,38.42075572094687,0.0
2023-10-17,Johnson's Bar,Beer,Budweiser,386.1542023826097,164.22
2023-10-24,Johnson's Bar,Beer,Budweiser,352.135067021685,263.87
2023-10-28,Johnson's Bar,Beer,Budweiser,353.05674209534044,222.81
2023-11-03,Johnson's Bar,Beer,Budweiser,364.5289388902642,572.92
2023-11-09,Johnson's Bar,Beer,Budweiser,343.00743209479793,505.05
2023-11-20,Johnson's Bar,Beer,Budweiser,343.558223285204,561.06
2023-12-21,Johnson's Bar,Beer,Budweiser,342.2860871517674,463.88
2023-12-28,Johnson's Bar,Beer,Budweiser,333.1929444590692,228.55
2023-10-26,Johnson's Bar,Beer,Coors,320.6325317635442,227.55
2023-11-06,Johnson's Bar,Beer,Coors,354.84118062160434,455.53
2023-11-13,Johnson's Bar,Beer,Coors,335.6565034969742,545.49
2023-11-17,Johnson's Bar,Beer,Coors,253.17934781555223,460.66
2023-11-18,Johnson's Bar,Beer,Coors,284.66587627412906,0.0
2023-11-23,Johnson's Bar,Beer,Coors,323.95627944627586,126.81
2023-11-25,Johnson's Bar,Beer,Coors,316.2920659522859,176.85
2023-11-27,Johnson's Bar,Beer,Coors,372.1465660171724,107.4
2023-12-02,Johnson's Bar,Beer,Coors,364.99806379689977,413.06
2023-12-12,Johnson's Bar,Beer,Coors,356.086044792526,532.62
2023-12-14,Johnson's Bar,Beer,Coors,362.86569475589295,352.42
2023-12-19,Johnson's Bar,Beer,Coors,378.5500151677977,506.72
2023-12-26,Johnson's Bar,Beer,Coors,334.2692138436219,133.06
2023-10-18,Johnson's Bar,Beer,Heineken,359.75966577133084,326.71
2023-10-21,Johnson's Bar,Beer,Heineken,370.5608486329064,492.05
2023-10-25,Johnson's Bar,Beer,Heineken,347.7783843518469,233.23
2023-10-30,Johnson's Bar,Beer,Heineken,346.3618342800224,347.48
2023-10-31,Johnson's Bar,Beer,Heineken,338.469404856521,356.8
2023-11-04,Johnson's Bar,Beer,Heineken,349.59022446329226,457.05
2023-11-11,Johnson's Bar,Beer,Heineken,340.96918968327736,321.93
2023-11-12,Johnson's Bar,Beer,Heineken,350.09699676979835,423.32
2023-11-15,Johnson's Bar,Beer,Heineken,339.009256783678,599.08
2023-11-30,Johnson's Bar,Beer,Heineken,334.3919852359992,134.35
2023-12-06,Johnson's Bar,Beer,Heineken,341.26446578561655,173.61
2023-12-15,Johnson's Bar,Beer,Heineken,360.5724601691401,227.7
2023-12-17,Johnson's Bar,Beer,Heineken,379.30991134546304,510.43
2023-12-20,Johnson's Bar,Beer,Heineken,340.6695155379053,497.3
2023-12-24,Johnson's Bar,Beer,Heineken,335.3443140217879,522.49
2023-10-20,Johnson's Bar,Beer,Miller,326.6705646509547,304.07
2023-10-23,Johnson's Bar,Beer,Miller,363.7050794831885,540.8
2023-10-27,Johnson's Bar,Beer,Miller,371.8160937045141,510.5
2023-11-02,Johnson's Bar,Beer,Miller,289.18849734635023,139.61
2023-11-07,Johnson's Bar,Beer,Miller,318.8639745950603,296.27
2023-11-08,Johnson's Bar,Beer,Miller,338.576949500001,282.75
2023-11-16,Johnson's Bar,Beer,Miller,351.24949815593993,178.56
2023-11-19,Johnson's Bar,Beer,Miller,352.8001115330494,590.85
2023-11-24,Johnson's Bar,Beer,Miller,344.13865525671525,374.61
2023-11-26,Johnson's Bar,Beer,Miller,341.35714731726813,363.94
2023-11-28,Johnson's Bar,Beer,Miller,319.09459301060133,367.63
2023-12-05,Johnson's Bar,Beer,Miller,370.8647907108967,519.95
2023-12-11,Johnson's Bar,Beer,Miller,83.49675393690092,52.81
2023-12-13,Johnson's Bar,Beer,Miller,41.45585146946423,0.0
2023-12-16,Johnson's Bar,Beer,Miller,75.25861945826446,0.0
2023-10-22,Johnson's Bar,Rum,Bacardi,321.8372400018139,409.36
2023-10-23,Johnson's Bar,Rum,Bacardi,351.9278014629516,496.36
2023-10-28,Johnson's Bar,Rum,Bacardi,354.0151049841648,524.11
2023-11-07,Johnson's Bar,Rum,Bacardi,364.5000114237081,312.9
2023-11-14,Johnson's Bar,Rum,Bacardi,331.6235509393262,237.24
2023-11-19,Johnson's Bar,Rum,Bacardi,324.46704732212595,113.39
2023-11-21,Johnson's Bar,Rum,Bacardi,369.66270552924334,325.52
2023-11-25,Johnson's Bar,Rum,Bacardi,342.9091031355812,216.73
2023-11-29,Johnson's Bar,Rum,Bacardi,353.4034628861165,502.67
2023-12-10,Johnson's Bar,Rum,Bacardi,342.9679880343981,116.9
2023-12-11,Johnson's Bar,Rum,Bacardi,352.92573360609026,193.93
2023-12-16,Johnson's Bar,Rum,Bacardi,346.92120350731693,503.76
2023-12-19,Johnson's Bar,Rum,Bacardi,341.2298329658749,355.66
2023-10-18,Johnson's Bar,Rum,Captain Morgan,351.40485181813807,274.56
2023-10-21,Johnson's Bar,Rum,Captain Morgan,355.5041320277457,250.01
2023-10-27,Johnson's Bar,Rum,Captain Morgan,376.59053479282767,466.62
2023-10-29,Johnson's Bar,Rum,Captain Morgan,340.7861861719091,308.31
2023-11-01,Johnson's Bar,Rum,Captain Morgan,348.5532245330771,479.78
2023-11-08,Johnson's Bar,Rum,Captain Morgan,342.8484465552218,307.11
2023-11-18,Johnson's Bar,Rum,Captain Morgan,343.1369438894845,0.0
2023-11-23,Johnson's Bar,Rum,Captain Morgan,341.38217822132674,360.96
2023-11-27,Johnson's Bar,Rum,Captain Morgan,335.2928339225093,324.05
2023-11-30,Johnson's Bar,Rum,Captain Morgan,336.68521577993806,243.56
2023-12-01,Johnson's Bar,Rum,Captain Morgan,351.32025744472276,389.49
2023-12-03,Johnson's Bar,Rum,Captain Morgan,358.17502692851366,459.02
2023-12-08,Johnson's Bar,Rum,Captain Morgan,350.5891929702361,427.38
2023-12-09,Johnson's Bar,Rum,Captain Morgan,365.00730447610874,223.65
2023-12-18,Johnson's Bar,Rum,Captain Morgan,311.3616093750784,220.68
2023-12-26,Johnson's Bar,Rum,Captain Morgan,326.1349474006676,227.77
2023-12-28,Johnson's Bar,Rum,Captain Morgan,335.49511966386945,138.5
2023-10-19,Johnson's Bar,Rum,Malibu,343.54695923441784,343.13
2023-10-20,Johnson's Bar,Rum,Malibu,334.6722378564013,187.49
2023-10-25,Johnson's Bar,Rum,Malibu,335.86929174241186,286.83
2023-11-05,Johnson's Bar,Rum,Malibu,371.93229582158915,433.24
2023-11-06,Johnson's Bar,Rum,Malibu,340.8729025680625,575.52
2023-11-11,Johnson's Bar,Rum,Malibu,341.4234282024938,445.17
2023-11-12,Johnson's Bar,Rum,Malibu,350.9537154841961,409.56
2023-11-15,Johnson's Bar,Rum,Malibu,339.41717705582846,389.06
2023-11-20,Johnson's Bar,Rum,Malibu,352.1662535674284,484.24
2023-11-24,Johnson's Bar,Rum,Malibu,352.96094577147585,433.68
2023-12-04,Johnson's Bar,Rum,Malibu,356.72753625852107,492.64
2023-12-06,Johnson's Bar,Rum,Malibu,391.685895034937,530.8
2023-12-14,Johnson's Bar,Rum,Malibu,350.81454706993816,204.13
2023-12-17,Johnson's Bar,Rum,Malibu,329.8089921585503,174.28
2023-12-20,Johnson's Bar,Rum,Malibu,338.40581451717816,395.06
2023-12-22,Johnson's Bar,Rum,Malibu,335.4508625063959,236.15
2023-12-23,Johnson's Bar,Rum,Malibu,337.2352877106317,0.0
2023-12-25,Johnson's Bar,Rum,Malibu,341.3553272333552,278.16
2023-10-20,Johnson's Bar,Vodka,Absolut,333.5613757179376,199.93
2023-10-25,Johnson's Bar,Vodka,Absolut,329.39762512498044,503.39
2023-11-10,Johnson's Bar,Vodka,Absolut,340.68692799236106,480.6
2023-11-12,Johnson's Bar,Vodka,Absolut,340.20776277929497,578.37
2023-11-15,Johnson's Bar,Vodka,Absolut,349.16339032719077,248.55
2023-11-19,Johnson's Bar,Vodka,Absolut,341.03595454277087,507.61
2023-11-21,Johnson's Bar,Vodka,Absolut,339.806012874785,0.0
2023-11-23,Johnson's Bar,Vodka,Absolut,338.2226345747289,253.08
2023-12-02,Johnson's Bar,Vodka,Absolut,339.67778230274365,173.92
2023-12-03,Johnson's Bar,Vodka,Absolut,350.56488645370086,161.34
2023-12-04,Johnson's Bar,Vodka,Absolut,387.7203451168205,137.43
2023-12-10,Johnson's Bar,Vodka,Absolut,347.50446790914685,340.37
2023-12-11,Johnson's Bar,Vodka,Absolut,342.58117875581604,556.53
2023-10-23,Johnson's Bar,Vodka,Grey Goose,343.8044010135221,555.1
2023-10-31,Johnson's Bar,Vodka,Grey Goose,354.98779232367633,501.14
2023-11-01,Johnson's Bar,Vodka,Grey Goose,362.9334596020677,397.81
2023-11-02,Johnson's Bar,Vodka,Grey Goose,376.7272817851731,379.9
2023-11-05,Johnson's Bar,Vodka,Grey Goose,367.7017205715008,540.85
2023-11-14,Johnson's Bar,Vodka,Grey Goose,347.0112107985925,533.5
2023-11-17,Johnson's Bar,Vodka,Grey Goose,362.9555377279156,103.91
2023-11-20,Johnson's Bar,Vodka,Grey Goose,352.6625849494904,462.31
2023-11-26,Johnson's Bar,Vodka,Grey Goose,337.49655538231724,199.4
2023-12-09,Johnson's Bar,Vodka,Grey Goose,352.1672271001438,554.74
2023-12-14,Johnson's Bar,Vodka,Grey Goose,337.1239667738,350.14
2023-12-17,Johnson's Bar,Vodka,Grey Goose,330.3411118684443,0.0
2023-12-25,Johnson's Bar,Vodka,Grey Goose,311.9870547420801,161.73
2023-12-28,Johnson's Bar,Vodka,Grey Goose,369.55343087089415,584.81
2023-12-29,Johnson's Bar,Vodka,Grey Goose,336.83588570355073,439.48
2023-12-30,Johnson's Bar,Vodka,Grey Goose,344.71812361171203,543.73
2023-10-26,Johnson's Bar,Vodka,Smirnoff,345.94137783396843,344.8
2023-11-08,Johnson's Bar,Vodka,Smirnoff,319.326304820518,206.66
2023-11-16,Johnson's Bar,Vodka,Smirnoff,324.49576259776217,299.38
2023-11-18,Johnson's Bar,Vodka,Smirnoff,351.58411462307816,484.73
2023-11-22,Johnson's Bar,Vodka,Smirnoff,335.9609443479403,451.46
2023-11-24,Johnson's Bar,Vodka,Smirnoff,338.62960091738,288.39
2023-12-05,Johnson's Bar,Vodka,Smirnoff,348.0092940312284,355.77
2023-12-08,Johnson's Bar,Vodka,Smirnoff,354.8121286087953,325.25
2023-10-16,Johnson's Bar,Whiskey,Jack Daniels,353.5300197126881,517.12
2023-10-26,Johnson's Bar,Whiskey,Jack Daniels,335.3402398125554,432.54
2023-10-30,Johnson's Bar,Whiskey,Jack Daniels,339.7625850259894,288.36
2023-11-09,Johnson's Bar,Whiskey,Jack Daniels,332.36327541088656,495.93
2023-11-29,Johnson's Bar,Whiskey,Jack Daniels,324.6941624017465,183.93
2023-12-04,Johnson's Bar,Whiskey,Jack Daniels,341.244794471065,279.2
2023-12-05,Johnson's Bar,Whiskey,Jack Daniels,341.03242951821863,594.99
2023-12-18,Johnson's Bar,Whiskey,Jack Daniels,334.78915093050443,151.35
2023-12-22,Johnson's Bar,Whiskey,Jack Daniels,330.52936041657745,0.0
2023-12-25,Johnson's Bar,Whiskey,Jack Daniels,397.7651165309987,551.68
2023-12-26,Johnson's Bar,Whiskey,Jack Daniels,357.08571538853533,338.71
2023-10-29,Johnson's Bar,Whiskey,Jameson,106.69200382337155,120.84
2023-11-04,Johnson's Bar,Whiskey,Jameson,364.53711863729836,218.16
2023-11-07,Johnson's Bar,Whiskey,Jameson,340.57882778948135,485.34
2023-11-08,Johnson's Bar,Whiskey,Jameson,234.9432347757497,294.01
2023-11-10,Johnson's Bar,Whiskey,Jameson,347.50576534251957,150.44
2023-11-14,Johnson's Bar,Whiskey,Jameson,340.7191435125807,105.49
2023-11-15,Johnson's Bar,Whiskey,Jameson,343.92283142597444,223.34
2023-11-17,Johnson's Bar,Whiskey,Jameson,367.1435045417536,378.84
2023-11-22,Johnson's Bar,Whiskey,Jameson,337.1105844475985,563.25
2023-11-30,Johnson's Bar,Whiskey,Jameson,334.792523997787,126.67
2023-12-14,Johnson's Bar,Whiskey,Jameson,323.21860095930253,130.75
2023-12-19,Johnson's Bar,Whiskey,Jameson,329.9861620675403,506.03
2023-12-24,Johnson's Bar,Whiskey,Jameson,168.384317165995,121.89
2023-10-18,Johnson's Bar,Whiskey,Jim Beam,329.25076925146067,104.64
2023-10-24,Johnson's Bar,Whiskey,Jim Beam,344.164824472528,227.15
2023-11-01,Johnson's Bar,Whiskey,Jim Beam,328.1982775020724,485.94
2023-11-02,Johnson's Bar,Whiskey,Jim Beam,338.44355924417505,499.61
2023-11-03,Johnson's Bar,Whiskey,Jim Beam,336.4169436175206,484.6
2023-11-06,Johnson's Bar,Whiskey,Jim Beam,349.220259411297,261.9
2023-11-11,Johnson's Bar,Whiskey,Jim Beam,336.5577940855846,464.01
2023-11-12,Johnson's Bar,Whiskey,Jim Beam,368.17723725853585,318.81
2023-11-13,Johnson's Bar,Whiskey,Jim Beam,341.3405034935076,137.9
2023-11-18,Johnson's Bar,Whiskey,Jim Beam,365.7289742120378,234.77
2023-11-19,Johnson's Bar,Whiskey,Jim Beam,366.37827193051004,162.99
2023-11-25,Johnson's Bar,Whiskey,Jim Beam,361.0664915063513,531.12
2023-11-26,Johnson's Bar,Whiskey,Jim Beam,334.58601560521777,476.39
2023-12-06,Johnson's Bar,Whiskey,Jim Beam,220.56791769135205,172.85
2023-12-07,Johnson's Bar,Whiskey,Jim Beam,346.36199883233303,368.47
2023-12-11,Johnson's Bar,Whiskey,Jim Beam,346.75681333693217,309.62
2023-10-16,Johnson's Bar,Wine,Barefoot,348.2739631550401,282.11
2023-10-27,Johnson's Bar,Wine,Barefoot,347.23669556913336,135.67
2023-10-28,Johnson's Bar,Wine,Barefoot,336.0592972088489,552.11
2023-11-13,Johnson's Bar,Wine,Barefoot,327.2392227417989,0.0
2023-11-23,Johnson's Bar,Wine,Barefoot,339.5602435039823,237.71
2023-12-16,Johnson's Bar,Wine,Barefoot,331.07061459857306,348.76
2023-12-21,Johnson's Bar,Wine,Barefoot,345.45187506873043,327.64
2023-11-02,Johnson's Bar,Wine,Sutter Home,351.42062500590254,338.49
2023-11-17,Johnson's Bar,Wine,Sutter Home,348.2192632456395,476.88
2023-11-22,Johnson's Bar,Wine,Sutter Home,360.8423507021121,486.5
2023-11-26,Johnson's Bar,Wine,Sutter Home,388.9465248003945,574.68
2023-11-27,Johnson's Bar,Wine,Sutter Home,342.4603208796967,302.94
2023-11-30,Johnson's Bar,Wine,Sutter Home,330.6032294869973,278.89
2023-12-07,Johnson's Bar,Wine,Sutter Home,314.8077139083626,468.15
2023-12-13,Johnson's Bar,Wine,Sutter Home,303.27784141229796,122.37
2023-12-15,Johnson's Bar,Wine,Sutter Home,320.4709810337955,538.09
2023-12-17,Johnson's Bar,Wine,Sutter Home,350.59873574734013,105.88
2023-12-29,Johnson's Bar,Wine,Sutter Home,323.7444055688902,196.65
2023-10-17,Johnson's Bar,Wine,Yellow Tail,342.70750077176774,356.81
2023-10-19,Johnson's Bar,Wine,Yellow Tail,351.90597877377985,452.99
2023-10-21,Johnson's Bar,Wine,Yellow Tail,334.8030965981272,535.92
2023-10-22,Johnson's Bar,Wine,Yellow Tail,342.19729590967574,465.05
2023-10-25,Johnson's Bar,Wine,Yellow Tail,343.5099328603907,262.86
2023-10-30,Johnson's Bar,Wine,Yellow Tail,336.34538515458684,255.67
2023-11-01,Johnson's Bar,Wine,Yellow Tail,326.1812097822253,161.33
2023-11-07,Johnson's Bar,Wine,Yellow Tail,342.06191654463566,388.88
2023-11-10,Johnson's Bar,Wine,Yellow Tail,344.95063182076797,499.52
2023-11-20,Johnson's Bar,Wine,Yellow Tail,331.6354076586942,208.35
2023-11-28,Johnson's Bar,Wine,Yellow Tail,331.3835448382984,413.25
2023-12-01,Johnson's Bar,Wine,Yellow Tail,328.9173604599144,294.0
2023-12-04,Johnson's Bar,Wine,Yellow Tail,314.03303550447504,108.32
2023-12-05,Johnson's Bar,Wine,Yellow Tail,334.6764865699769,207.15
2023-12-08,Johnson's Bar,Wine,Yellow Tail,350.6816386896873,554.41
2023-12-12,Johnson's Bar,Wine,Yellow Tail,292.4091229229495,344.68
2023-12-22,Johnson's Bar,Wine,Yellow Tail,201.8956878206487,228.74
2023-10-24,Smith's Bar,Beer,Budweiser,370.59883708469005,579.0
2023-10-28,Smith's Bar,Beer,Budweiser,370.22968912516797,374.15
2023-11-09,Smith's Bar,Beer,Budweiser,353.1722892283941,354.86
2023-11-24,Smith's Bar,Beer,Budweiser,329.80581923249173,188.32
2023-11-27,Smith's Bar,Beer,Budweiser,339.348692859192,442.91
2023-12-06,Smith's Bar,Beer,Budweiser,336.9556773782086,220.23
2023-12-18,Smith's Bar,Beer,Budweiser,342.85877144786144,159.03
2023-12-21,Smith's Bar,Beer,Budweiser,344.6251190096607,548.57
2023-10-19,Smith's Bar,Beer,Coors,274.8766671650755,420.04
2023-11-04,Smith's Bar,Beer,Coors,81.34290928925542,489.99
2023-11-29,Smith's Bar,Beer,Coors,318.309242099556,283.46
2023-12-03,Smith's Bar,Beer,Coors,353.1247271940166,207.4
2023-12-07,Smith's Bar,Beer,Coors,317.2207261186893,446.28
2023-12-19,Smith's Bar,Beer,Coors,330.9422238508921,368.61
2023-11-01,Smith's Bar,Beer,Heineken,340.53291641058786,425.12
2023-11-06,Smith's Bar,Beer,Heineken,341.59081956297314,363.32
2023-11-08,Smith's Bar,Beer,Heineken,346.1859672374922,206.23
2023-11-16,Smith's Bar,Beer,Heineken,329.88605519010537,101.89
2023-11-18,Smith's Bar,Beer,Heineken,342.86388792130924,107.31
2023-11-19,Smith's Bar,Beer,Heineken,366.6078889315162,462.86
2023-11-21,Smith's Bar,Beer,Heineken,336.2372675384918,295.78
2023-11-28,Smith's Bar,Beer,Heineken,336.71733976077064,583.95
2023-12-05,Smith's Bar,Beer,Heineken,379.16657613338174,567.17
2023-12-14,Smith's Bar,Beer,Heineken,354.3536396160943,502.13
2023-12-15,Smith's Bar,Beer,Heineken,260.3141230998091,322.8
2023-10-16,Smith's Bar,Beer,Miller,333.4410793260184,308.54
2023-10-17,Smith's Bar,Beer,Miller,333.001430883273,487.04
2023-10-18,Smith's Bar,Beer,Miller,71.28157124520014,0.0
2023-10-26,Smith's Bar,Beer,Miller,98.72649265173717,0.0
2023-10-31,Smith's Bar,Beer,Miller,111.69558630042023,294.73
2023-11-10,Smith's Bar,Beer,Miller,367.09613974879903,275.38
2023-11-11,Smith's Bar,Beer,Miller,356.21527890811404,490.41
2023-11-14,Smith's Bar,Beer,Miller,187.12217848635777,162.28
2023-12-10,Smith's Bar,Beer,Miller,123.26298693200027,196.23
2023-12-12,Smith's Bar,Beer,Miller,360.79978435008985,585.25
2023-12-13,Smith's Bar,Beer,Miller,345.1868137036933,165.16
2023-12-16,Smith's Bar,Beer,Miller,337.23844135308264,437.32
2023-12-20,Smith's Bar,Beer,Miller,166.66710238701705,0.0
2023-10-18,Smith's Bar,Rum,Bacardi,332.17250543899985,392.98
2023-10-22,Smith's Bar,Rum,Bacardi,330.87675066674115,176.56
2023-10-25,Smith's Bar,Rum,Bacardi,307.40565546552426,107.39
2023-11-01,Smith's Bar,Rum,Bacardi,347.79734845873156,454.3
2023-11-02,Smith's Bar,Rum,Bacardi,345.7755563198114,391.04
2023-11-17,Smith's Bar,Rum,Bacardi,343.6201337787581,302.33
2023-11-22,Smith's Bar,Rum,Bacardi,344.0289447889342,266.3
2023-11-24,Smith's Bar,Rum,Bacardi,349.9054219335825,202.39
2023-11-30,Smith's Bar,Rum,Bacardi,341.73393170502726,176.2
2023-12-07,Smith's Bar,Rum,Bacardi,349.6625401539817,340.5
2023-12-13,Smith's Bar,Rum,Bacardi,357.59440361506574,537.36
2023-12-16,Smith's Bar,Rum,Bacardi,330.78089639753284,591.95
2023-12-17,Smith's Bar,Rum,Bacardi,342.3989471933349,186.2
2023-12-21,Smith's Bar,Rum,Bacardi,328.3243439705527,304.1
2023-12-22,Smith's Bar,Rum,Bacardi,307.91929953463983,0.0
2023-12-25,Smith's Bar,Rum,Bacardi,337.4265089954231,216.66
2023-12-26,Smith's Bar,Rum,Bacardi,316.7199374353846,356.27
2023-10-16,Smith's Bar,Rum,Captain Morgan,343.30887876386237,265.44
2023-10-19,Smith's Bar,Rum,Captain Morgan,348.1915793789752,492.81
2023-10-24,Smith's Bar,Rum,Captain Morgan,262.03718767492774,273.75
2023-10-29,Smith's Bar,Rum,Captain Morgan,86.79461631501219,0.0
2023-11-04,Smith's Bar,Rum,Captain Morgan,100.66150319583147,0.0
2023-11-08,Smith's Bar,Rum,Captain Morgan,97.14911665281834,0.0
2023-11-10,Smith's Bar,Rum,Captain Morgan,97.26206773619808,477.53
2023-11-12,Smith's Bar,Rum,Captain Morgan,332.8735526099564,465.37
2023-11-25,Smith's Bar,Rum,Captain Morgan,333.79743143743383,198.89
2023-11-26,Smith's Bar,Rum,Captain Morgan,302.32694122133836,186.65
2023-12-11,Smith's Bar,Rum,Captain Morgan,168.34835498866445,102.6
2023-12-20,Smith's Bar,Rum,Captain Morgan,88.0778001542884,0.0
2023-12-24,Smith's Bar,Rum,Captain Morgan,119.09125119704468,508.91
2023-10-21,Smith's Bar,Rum,Malibu,350.3014265927373,351.82
2023-10-23,Smith's Bar,Rum,Malibu,345.85029378487167,109.86
2023-10-27,Smith's Bar,Rum,Malibu,330.6880594391901,112.42
2023-10-30,Smith's Bar,Rum,Malibu,329.39322631542404,190.22
2023-11-07,Smith's Bar,Rum,Malibu,342.4119476080834,512.96
2023-11-20,Smith's Bar,Rum,Malibu,342.31710008283466,596.46
2023-11-29,Smith's Bar,Rum,Malibu,321.903423726283,110.11
2023-12-03,Smith's Bar,Rum,Malibu,351.7942978461006,299.69
2023-12-04,Smith's Bar,Rum,Malibu,334.64845959614803,252.46
2023-12-05,Smith's Bar,Rum,Malibu,215.10037978840262,176.67
2023-12-06,Smith's Bar,Rum,Malibu,72.47881442072371,0.0
2023-12-08,Smith's Bar,Rum,Malibu,76.32289219518086,0.0
2023-12-15,Smith's Bar,Rum,Malibu,102.67580671536635,0.0
2023-12-19,Smith's Bar,Rum,Malibu,87.55579778931873,356.07
2023-12-27,Smith's Bar,Rum,Malibu,339.0154237693451,523.89
2023-12-28,Smith's Bar,Rum,Malibu,372.77531083342683,576.4
2023-10-17,Smith's Bar,Vodka,Absolut,337.2933224225231,226.17
2023-10-20,Smith's Bar,Vodka,Absolut,335.46547985423746,228.72
2023-10-21,Smith's Bar,Vodka,Absolut,353.131363921591,158.54
2023-10-23,Smith's Bar,Vodka,Absolut,355.1977771535838,403.13
2023-10-25,Smith's Bar,Vodka,Absolut,336.39412943556096,371.68
2023-10-31,Smith's Bar,Vodka,Absolut,335.9609443479403,280.97
2023-11-02,Smith's Bar,Vodka,Absolut,357.98142481013537,212.94
2023-11-03,Smith's Bar,Vodka,Absolut,351.28990983940326,160.64
2023-11-05,Smith's Bar,Vodka,Absolut,345.18434058055647,157.02
2023-11-06,Smith's Bar,Vodka,Absolut,353.1038371144305,210.08
2023-11-07,Smith's Bar,Vodka,Absolut,342.8030791864011,491.48
2023-11-11,Smith's Bar,Vodka,Absolut,342.51968638901116,156.61
2023-11-12,Smith's Bar,Vodka,Absolut,335.1058760430939,462.35
2023-11-14,Smith's Bar,Vodka,Absolut,338.602843088931,318.86
2023-11-17,Smith's Bar,Vodka,Absolut,342.5488806001011,153.07
2023-12-07,Smith's Bar,Vodka,Absolut,339.1613731833416,147.69
2023-12-10,Smith's Bar,Vodka,Absolut,348.90823753883507,100.93
2023-12-16,Smith's Bar,Vodka,Absolut,343.11445222028243,353.81
2023-12-19,Smith's Bar,Vodka,Absolut,363.1935564271437,598.9
2023-10-18,Smith's Bar,Vodka,Grey Goose,346.49096188835733,477.56
2023-10-19,Smith's Bar,Vodka,Grey Goose,351.5351009040714,213.72
2023-10-26,Smith's Bar,Vodka,Grey Goose,321.87349511618777,235.81
2023-10-27,Smith's Bar,Vodka,Grey Goose,363.473465518015,556.52
2023-11-13,Smith's Bar,Vodka,Grey Goose,380.4113266414107,352.98
2023-11-22,Smith's Bar,Vodka,Grey Goose,350.3019266045358,400.22
2023-12-02,Smith's Bar,Vodka,Grey Goose,343.81791932195847,585.47
2023-12-04,Smith's Bar,Vodka,Grey Goose,331.4286348653801,526.05
2023-12-08,Smith's Bar,Vodka,Grey Goose,337.96409069033297,477.61
2023-12-09,Smith's Bar,Vodka,Grey Goose,331.5612367902163,158.77
2023-12-12,Smith's Bar,Vodka,Grey Goose,320.8708972678678,167.54
2023-12-13,Smith's Bar,Vodka,Grey Goose,345.7044594884956,416.3
2023-12-15,Smith's Bar,Vodka,Grey Goose,335.5403539657684,269.17
2023-12-23,Smith's Bar,Vodka,Grey Goose,343.2528779973847,403.11
2023-12-26,Smith's Bar,Vodka,Grey Goose,337.77871017076046,539.86
2023-12-30,Smith's Bar,Vodka,Grey Goose,335.225114658042,176.29
2023-10-16,Smith's Bar,Vodka,Smirnoff,82.52652859802947,0.0
2023-10-22,Smith's Bar,Vodka,Smirnoff,110.6324133288407,234.28
2023-10-29,Smith's Bar,Vodka,Smirnoff,330.5422467377315,535.02
2023-11-09,Smith's Bar,Vodka,Smirnoff,318.8659965175032,497.06
2023-11-18,Smith's Bar,Vodka,Smirnoff,242.17112051800785,182.5
2023-11-19,Smith's Bar,Vodka,Smirnoff,227.48989522600303,490.52
2023-11-20,Smith's Bar,Vodka,Smirnoff,342.75749310558206,211.98
2023-11-27,Smith's Bar,Vodka,Smirnoff,357.91894731460445,221.37
2023-12-01,Smith's Bar,Vodka,Smirnoff,342.1721419891115,387.82
2023-12-06,Smith's Bar,Vodka,Smirnoff,341.7088494445429,342.12
2023-12-14,Smith's Bar,Vodka,Smirnoff,339.8146330103788,567.63
2023-12-17,Smith's Bar,Vodka,Smirnoff,339.38130326440506,237.68
2023-12-18,Smith's Bar,Vodka,Smirnoff,321.10174850513033,186.98
2023-12-21,Smith's Bar,Vodka,Smirnoff,323.48359070080994,515.51
2023-10-21,Smith's Bar,Whiskey,Jack Daniels,67.74240537530643,0.0
2023-10-25,Smith's Bar,Whiskey,Jack Daniels,71.49089921985473,0.0
2023-10-27,Smith's Bar,Whiskey,Jack Daniels,86.73125607727984,0.0
2023-10-29,Smith's Bar,Whiskey,Jack Daniels,99.36024859557425,591.45
2023-11-07,Smith's Bar,Whiskey,Jack Daniels,283.058657716403,219.1
2023-11-09,Smith's Bar,Whiskey,Jack Daniels,351.0429060339348,152.75
2023-11-27,Smith's Bar,Whiskey,Jack Daniels,319.5603253713192,189.47
2023-12-02,Smith's Bar,Whiskey,Jack Daniels,372.7674372037272,460.69
2023-12-04,Smith's Bar,Whiskey,Jack Daniels,342.24736496372014,543.65
2023-12-09,Smith's Bar,Whiskey,Jack Daniels,338.8760582093023,208.42
2023-10-18,Smith's Bar,Whiskey,Jameson,344.99550026535377,154.93
2023-10-22,Smith's Bar,Whiskey,Jameson,329.9247211633478,369.11
2023-10-23,Smith's Bar,Whiskey,Jameson,234.9047032355631,201.28
2023-11-08,Smith's Bar,Whiskey,Jameson,353.0635180556875,490.38
2023-11-14,Smith's Bar,Whiskey,Jameson,338.9893459765566,117.84
2023-11-15,Smith's Bar,Whiskey,Jameson,353.41815301285516,533.67
2023-11-19,Smith's Bar,Whiskey,Jameson,337.2724417535276,503.17
2023-11-20,Smith's Bar,Whiskey,Jameson,334.5992168424398,0.0
2023-11-23,Smith's Bar,Whiskey,Jameson,311.12267959747464,188.23
2023-11-26,Smith's Bar,Whiskey,Jameson,333.2459083584695,114.28
2023-12-05,Smith's Bar,Whiskey,Jameson,371.0268609471553,213.17
2023-12-08,Smith's Bar,Whiskey,Jameson,377.34522233646305,595.63
2023-12-12,Smith's Bar,Whiskey,Jameson,332.41686528885936,162.5
2023-12-14,Smith's Bar,Whiskey,Jameson,358.98864776462403,494.94
2023-12-15,Smith's Bar,Whiskey,Jameson,341.0176145991553,477.52
2023-12-24,Smith's Bar,Whiskey,Jameson,326.5252559057361,0.0
2023-12-25,Smith's Bar,Whiskey,Jameson,337.2522004027719,400.73
2023-10-17,Smith's Bar,Whiskey,Jim Beam,339.485246645219,288.19
2023-10-24,Smith's Bar,Whiskey,Jim Beam,343.47272312561665,229.94
2023-10-31,Smith's Bar,Whiskey,Jim Beam,326.7471619330022,156.77
2023-11-02,Smith's Bar,Whiskey,Jim Beam,342.95357343635237,492.54
2023-11-04,Smith's Bar,Whiskey,Jim Beam,352.67703174221253,338.99
2023-11-05,Smith's Bar,Whiskey,Jim Beam,363.4130093214926,516.67
2023-11-11,Smith's Bar,Whiskey,Jim Beam,338.6981995201669,127.42
2023-11-16,Smith's Bar,Whiskey,Jim Beam,352.0899084989504,479.64
2023-11-18,Smith's Bar,Whiskey,Jim Beam,353.41842698311865,426.82
2023-12-11,Smith's Bar,Whiskey,Jim Beam,329.7855578268011,130.11
2023-10-19,Smith's Bar,Wine,Barefoot,347.17681856210555,465.51
2023-10-22,Smith's Bar,Wine,Barefoot,340.72790237403177,262.61
2023-10-30,Smith's Bar,Wine,Barefoot,331.200679918107,258.07
2023-10-31,Smith's Bar,Wine,Barefoot,339.188106343314,545.78
2023-11-08,Smith's Bar,Wine,Barefoot,334.29154967571685,107.6
2023-11-10,Smith's Bar,Wine,Barefoot,344.36083035808144,484.12
2023-11-20,Smith's Bar,Wine,Barefoot,326.2066538769188,330.33
2023-11-21,Smith's Bar,Wine,Barefoot,350.94510986515087,394.2
2023-11-29,Smith's Bar,Wine,Barefoot,342.7635225628828,249.8
2023-12-03,Smith's Bar,Wine,Barefoot,388.8788999095787,534.38
2023-12-06,Smith's Bar,Wine,Barefoot,337.6875689105719,215.72
2023-12-29,Smith's Bar,Wine,Barefoot,328.4509524564485,503.75
2023-10-20,Smith's Bar,Wine,Sutter Home,327.7871842607243,280.03
2023-10-24,Smith's Bar,Wine,Sutter Home,326.88008385188334,449.51
2023-10-26,Smith's Bar,Wine,Sutter Home,333.5424197879299,353.67
2023-10-28,Smith's Bar,Wine,Sutter Home,336.02209522248444,363.52
2023-10-29,Smith's Bar,Wine,Sutter Home,350.77659451988757,410.46
2023-11-02,Smith's Bar,Wine,Sutter Home,359.4537252571708,488.91
2023-11-03,Smith's Bar,Wine,Sutter Home,340.0660914684882,120.3
2023-11-04,Smith's Bar,Wine,Sutter Home,346.0286239354571,514.22
2023-11-11,Smith's Bar,Wine,Sutter Home,334.0421743283213,324.09
2023-11-14,Smith's Bar,Wine,Sutter Home,352.0488785343201,447.45
2023-11-17,Smith's Bar,Wine,Sutter Home,337.85691904142067,124.61
2023-11-19,Smith's Bar,Wine,Sutter Home,343.6529919073509,156.68
2023-11-25,Smith's Bar,Wine,Sutter Home,349.2958360145667,502.32
2023-11-27,Smith's Bar,Wine,Sutter Home,351.74644213005155,185.34
2023-12-02,Smith's Bar,Wine,Sutter Home,328.7680387759234,117.73
2023-12-12,Smith's Bar,Wine,Sutter Home,334.9426536871198,427.24
2023-12-14,Smith's Bar,Wine,Sutter Home,379.5631319957837,258.03
2023-12-18,Smith's Bar,Wine,Sutter Home,333.649605062936,393.74
2023-12-20,Smith's Bar,Wine,Sutter Home,331.4407107677319,264.54
2023-12-24,Smith's Bar,Wine,Sutter Home,336.7949398522553,270.09
2023-10-27,Smith's Bar,Wine,Yellow Tail,344.9363012285345,314.56
2023-11-01,Smith's Bar,Wine,Yellow Tail,345.41022967569177,325.34
2023-11-05,Smith's Bar,Wine,Yellow Tail,353.41447820032704,599.75
2023-11-13,Smith's Bar,Wine,Yellow Tail,362.21719182339336,494.06
2023-11-15,Smith's Bar,Wine,Yellow Tail,343.0435032320629,488.79
2023-11-18,Smith's Bar,Wine,Yellow Tail,302.6833678483467,0.0
2023-11-23,Smith's Bar,Wine,Yellow Tail,308.5633994554353,195.56
2023-11-28,Smith's Bar,Wine,Yellow Tail,340.87711431246504,514.37
2023-11-30,Smith's Bar,Wine,Yellow Tail,344.07350761357554,514.34
2023-12-01,Smith's Bar,Wine,Yellow Tail,342.8741798395448,522.31
2023-12-05,Smith's Bar,Wine,Yellow Tail,380.7304839903379,328.95
2023-12-13,Smith's Bar,Wine,Yellow Tail,346.0335095331469,272.53
2023-12-17,Smith's Bar,Wine,Yellow Tail,333.7054894791679,0.0
2023-11-01,Taylor's Bar,Beer,Budweiser,342.16958272795034,305.58
2023-11-16,Taylor's Bar,Beer,Budweiser,363.46884668252545,107.73
2023-11-22,Taylor's Bar,Beer,Budweiser,339.34303404286555,125.94
2023-11-27,Taylor's Bar,Beer,Budweiser,360.2181717104286,580.68
2023-12-13,Taylor's Bar,Beer,Budweiser,318.7844915851442,335.22
2023-12-24,Taylor's Bar,Beer,Budweiser,332.58026522635254,558.72
2023-10-30,Taylor's Bar,Beer,Coors,365.3428963427998,279.63
2023-11-04,Taylor's Bar,Beer,Coors,337.63444274824707,231.91
2023-11-06,Taylor's Bar,Beer,Coors,407.23841281768557,154.9
2023-11-10,Taylor's Bar,Beer,Coors,340.69612759612625,144.13
2023-11-13,Taylor's Bar,Beer,Coors,359.7760607858926,362.98
2023-11-18,Taylor's Bar,Beer,Coors,355.22785894619966,150.22
2023-11-24,Taylor's Bar,Beer,Coors,199.01665309366092,108.73
2023-12-04,Taylor's Bar,Beer,Coors,305.77529620303267,103.94
2023-12-09,Taylor's Bar,Beer,Coors,343.9029450358906,178.0
2023-12-10,Taylor's Bar,Beer,Coors,348.0616278096277,128.38
2023-12-14,Taylor's Bar,Beer,Coors,395.56543394840935,508.66
2023-12-20,Taylor's Bar,Beer,Coors,373.7641001169273,472.18
2023-10-23,Taylor's Bar,Beer,Heineken,345.06653316666745,253.33
2023-11-03,Taylor's Bar,Beer,Heineken,335.23262777763466,457.3
2023-11-20,Taylor's Bar,Beer,Heineken,358.0972373509464,567.6
2023-10-16,Taylor's Bar,Beer,Miller,192.06658812184665,117.97
2023-10-18,Taylor's Bar,Beer,Miller,166.77405091070702,0.0
2023-10-21,Taylor's Bar,Beer,Miller,170.3940112240007,967.73
2023-10-28,Taylor's Bar,Beer,Miller,300.97521915209813,270.93
2023-10-29,Taylor's Bar,Beer,Miller,350.6802599294469,286.25
2023-10-31,Taylor's Bar,Beer,Miller,312.8745282324177,261.61
2023-11-02,Taylor's Bar,Beer,Miller,137.44277393344552,0.0
2023-11-30,Taylor's Bar,Beer,Miller,66.9653690752547,0.0
2023-12-03,Taylor's Bar,Beer,Miller,66.28672498800096,0.0
2023-12-05,Taylor's Bar,Beer,Miller,79.4881462012652,0.0
2023-12-08,Taylor's Bar,Beer,Miller,49.985366030502774,0.0
2023-12-22,Taylor's Bar,Beer,Miller,70.83605323039222,0.0
2023-12-26,Taylor's Bar,Beer,Miller,98.53825838341382,0.0
2023-10-19,Taylor's Bar,Rum,Bacardi,334.45811536175705,292.2
2023-10-20,Taylor's Bar,Rum,Bacardi,373.8712885959808,765.39
2023-10-22,Taylor's Bar,Rum,Bacardi,60.123997886640375,0.0
2023-10-28,Taylor's Bar,Rum,Bacardi,111.67359168620527,0.0
2023-10-30,Taylor's Bar,Rum,Bacardi,144.48590740924539,0.0
2023-11-11,Taylor's Bar,Rum,Bacardi,91.06427324429767,0.0
2023-11-18,Taylor's Bar,Rum,Bacardi,106.33462195548583,0.0
2023-12-05,Taylor's Bar,Rum,Bacardi,93.1480847491946,0.0
2023-12-06,Taylor's Bar,Rum,Bacardi,94.93651100360096,0.0
2023-12-08,Taylor's Bar,Rum,Bacardi,95.87871759775122,599.77
2023-12-11,Taylor's Bar,Rum,Bacardi,313.8731353674593,571.46
2023-10-16,Taylor's Bar,Rum,Captain Morgan,367.3327215281593,317.02
2023-10-21,Taylor's Bar,Rum,Captain Morgan,360.6154140205282,580.31
2023-10-27,Taylor's Bar,Rum,Captain Morgan,353.99982844226605,524.12
2023-10-29,Taylor's Bar,Rum,Captain Morgan,342.03272265043427,100.47
2023-11-06,Taylor's Bar,Rum,Captain Morgan,348.77022197982706,224.67
2023-11-09,Taylor's Bar,Rum,Captain Morgan,338.33425113935806,264.32
2023-11-14,Taylor's Bar,Rum,Captain Morgan,367.80173148508845,269.33
2023-11-17,Taylor's Bar,Rum,Captain Morgan,380.669562266293,0.0
2023-11-23,Taylor's Bar,Rum,Captain Morgan,332.15479205170465,235.81
2023-11-27,Taylor's Bar,Rum,Captain Morgan,346.87828774909354,262.16
2023-11-30,Taylor's Bar,Rum,Captain Morgan,328.7365862764763,194.96
2023-12-01,Taylor's Bar,Rum,Captain Morgan,398.7654819876515,853.21
2023-12-15,Taylor's Bar,Rum,Captain Morgan,332.31400199622186,245.92
2023-12-17,Taylor's Bar,Rum,Captain Morgan,339.07362272869494,304.23
2023-12-26,Taylor's Bar,Rum,Captain Morgan,361.9308202421158,440.76
2023-10-17,Taylor's Bar,Rum,Malibu,338.6343944947041,450.41
2023-10-18,Taylor's Bar,Rum,Malibu,337.88501188406383,363.96
2023-11-03,Taylor's Bar,Rum,Malibu,358.226895527421,460.29
2023-11-07,Taylor's Bar,Rum,Malibu,352.12424311482164,229.22
2023-11-08,Taylor's Bar,Rum,Malibu,344.1612430532636,434.3
2023-11-19,Taylor's Bar,Rum,Malibu,310.71593918549326,116.8
2023-11-21,Taylor's Bar,Rum,Malibu,331.45530471327504,216.72
2023-11-28,Taylor's Bar,Rum,Malibu,282.2972587999127,332.73
2023-12-07,Taylor's Bar,Rum,Malibu,342.22639972979374,163.83
2023-12-09,Taylor's Bar,Rum,Malibu,349.7546803630381,517.48
2023-12-13,Taylor's Bar,Rum,Malibu,344.5852201026495,247.42
2023-12-19,Taylor's Bar,Rum,Malibu,332.9639359264117,301.01
2023-12-21,Taylor's Bar,Rum,Malibu,335.9214590987505,0.0
2023-12-25,Taylor's Bar,Rum,Malibu,339.61598606781337,383.17
2023-12-27,Taylor's Bar,Rum,Malibu,326.41175451934566,575.17
2023-12-29,Taylor's Bar,Rum,Malibu,331.86511270171655,220.2
2023-10-17,Taylor's Bar,Vodka,Absolut,352.9457730765368,484.98
2023-10-18,Taylor's Bar,Vodka,Absolut,247.74375989172484,493.79
2023-10-19,Taylor's Bar,Vodka,Absolut,342.8020029662248,449.39
2023-10-20,Taylor's Bar,Vodka,Absolut,367.8780358334746,357.97
2023-11-05,Taylor's Bar,Vodka,Absolut,207.30307772194297,150.6
2023-11-06,Taylor's Bar,Vodka,Absolut,349.93738873765193,574.59
2023-11-07,Taylor's Bar,Vodka,Absolut,249.92241745659635,0.0
2023-11-23,Taylor's Bar,Vodka,Absolut,355.2858826906954,550.87
2023-11-27,Taylor's Bar,Vodka,Absolut,324.47709544664036,106.32
2023-11-29,Taylor's Bar,Vodka,Absolut,433.5051516217391,700.57
2023-12-15,Taylor's Bar,Vodka,Absolut,336.9603327766845,258.11
2023-12-22,Taylor's Bar,Vodka,Absolut,354.29305070268515,361.78
2023-12-27,Taylor's Bar,Vodka,Absolut,313.9613774668039,323.84
2023-10-22,Taylor's Bar,Vodka,Grey Goose,356.7678049522118,575.9
2023-10-24,Taylor's Bar,Vodka,Grey Goose,356.745921310568,521.1
2023-10-26,Taylor's Bar,Vodka,Grey Goose,343.83812594315776,483.73
2023-10-29,Taylor's Bar,Vodka,Grey Goose,367.89864773501216,194.6
2023-11-01,Taylor's Bar,Vodka,Grey Goose,335.11858592193795,588.84
2023-11-03,Taylor's Bar,Vodka,Grey Goose,338.0910937209884,317.81
2023-11-04,Taylor's Bar,Vodka,Grey Goose,351.63287464895484,488.49
2023-11-08,Taylor's Bar,Vodka,Grey Goose,321.488487404063,197.0
2023-11-11,Taylor's Bar,Vodka,Grey Goose,338.2594857060771,240.77
2023-11-25,Taylor's Bar,Vodka,Grey Goose,347.1179627194395,329.64
2023-12-05,Taylor's Bar,Vodka,Grey Goose,349.90675375136954,534.95
2023-12-06,Taylor's Bar,Vodka,Grey Goose,350.6705893537516,373.94
2023-12-07,Taylor's Bar,Vodka,Grey Goose,335.93228564412067,369.64
2023-12-12,Taylor's Bar,Vodka,Grey Goose,353.5771827952553,155.99
2023-10-16,Taylor's Bar,Vodka,Smirnoff,96.23203541168651,0.0
2023-10-25,Taylor's Bar,Vodka,Smirnoff,127.66246156317634,0.0
2023-10-31,Taylor's Bar,Vodka,Smirnoff,131.73241824969747,495.09
2023-11-02,Taylor's Bar,Vodka,Smirnoff,334.5629727727193,544.05
2023-11-09,Taylor's Bar,Vodka,Smirnoff,321.80008546059514,376.37
2023-11-10,Taylor's Bar,Vodka,Smirnoff,221.87748266670985,189.0
2023-11-14,Taylor's Bar,Vodka,Smirnoff,128.07012820870906,0.0
2023-11-17,Taylor's Bar,Vodka,Smirnoff,113.08789499782648,309.16
2023-11-18,Taylor's Bar,Vodka,Smirnoff,343.307403477249,598.15
2023-11-20,Taylor's Bar,Vodka,Smirnoff,355.7090436398677,587.65
2023-11-22,Taylor's Bar,Vodka,Smirnoff,345.01581271570836,497.67
2023-11-26,Taylor's Bar,Vodka,Smirnoff,391.9128036547951,376.04
2023-12-09,Taylor's Bar,Vodka,Smirnoff,341.63129346273195,555.8
2023-12-10,Taylor's Bar,Vodka,Smirnoff,372.0330425755929,214.02
2023-12-13,Taylor's Bar,Vodka,Smirnoff,331.8624083088174,324.01
2023-12-16,Taylor's Bar,Vodka,Smirnoff,323.17041215297627,223.77
2023-12-18,Taylor's Bar,Vodka,Smirnoff,352.33672270524886,230.83
2023-12-19,Taylor's Bar,Vodka,Smirnoff,345.21557898717293,251.51
2023-12-20,Taylor's Bar,Vodka,Smirnoff,346.8607909214928,251.18
2023-12-26,Taylor's Bar,Vodka,Smirnoff,333.6064791655079,537.42
2023-12-28,Taylor's Bar,Vodka,Smirnoff,327.6181607997817,421.74
2023-10-26,Taylor's Bar,Whiskey,Jack Daniels,115.43747563001031,59.39
2023-11-06,Taylor's Bar,Whiskey,Jack Daniels,74.16461412448304,0.0
2023-11-09,Taylor's Bar,Whiskey,Jack Daniels,74.38116068445633,0.0
2023-11-14,Taylor's Bar,Whiskey,Jack Daniels,90.53699081257328,0.0
2023-11-15,Taylor's Bar,Whiskey,Jack Daniels,84.62868553887631,0.0
2023-11-17,Taylor's Bar,Whiskey,Jack Daniels,116.1769482081413,0.0
2023-11-19,Taylor's Bar,Whiskey,Jack Daniels,110.09050004990858,0.0
2023-11-24,Taylor's Bar,Whiskey,Jack Daniels,128.31076882507918,0.0
2023-11-25,Taylor's Bar,Whiskey,Jack Daniels,113.34268553131699,0.0
2023-11-27,Taylor's Bar,Whiskey,Jack Daniels,186.82391400540794,520.51
2023-11-28,Taylor's Bar,Whiskey,Jack Daniels,328.1124000815782,129.79
2023-11-29,Taylor's Bar,Whiskey,Jack Daniels,353.0542350214175,421.23
2023-12-01,Taylor's Bar,Whiskey,Jack Daniels,339.77949732487866,414.88
2023-12-10,Taylor's Bar,Whiskey,Jack Daniels,347.2968050280111,420.44
2023-12-17,Taylor's Bar,Whiskey,Jack Daniels,386.2166794682104,418.63
2023-12-21,Taylor's Bar,Whiskey,Jack Daniels,369.2587040893207,200.43
2023-12-23,Taylor's Bar,Whiskey,Jack Daniels,322.43564091780456,439.35
2023-10-25,Taylor's Bar,Whiskey,Jameson,355.36730260877226,681.56
2023-10-28,Taylor's Bar,Whiskey,Jameson,342.8550582541063,516.86
2023-10-31,Taylor's Bar,Whiskey,Jameson,351.94681283264725,594.96
2023-11-04,Taylor's Bar,Whiskey,Jameson,355.74349004632813,205.11
2023-11-05,Taylor's Bar,Whiskey,Jameson,342.70282217461227,264.88
2023-11-10,Taylor's Bar,Whiskey,Jameson,364.7090135787577,517.45
2023-11-21,Taylor's Bar,Whiskey,Jameson,345.4197844446952,511.41
2023-12-05,Taylor's Bar,Whiskey,Jameson,340.30398706044684,280.36
2023-12-06,Taylor's Bar,Whiskey,Jameson,342.7331583172417,535.0
2023-12-14,Taylor's Bar,Whiskey,Jameson,291.17661521286936,360.6
2023-12-15,Taylor's Bar,Whiskey,Jameson,206.3472259618094,261.47
2023-12-16,Taylor's Bar,Whiskey,Jameson,319.0893305579471,158.19
2023-12-18,Taylor's Bar,Whiskey,Jameson,331.6741022869745,0.0
2023-10-20,Taylor's Bar,Whiskey,Jim Beam,347.35301840802987,409.44
2023-11-02,Taylor's Bar,Whiskey,Jim Beam,334.5316390655829,502.53
2023-11-07,Taylor's Bar,Whiskey,Jim Beam,338.39523280467506,246.41
2023-11-08,Taylor's Bar,Whiskey,Jim Beam,338.6043099318907,587.72
2023-11-12,Taylor's Bar,Whiskey,Jim Beam,341.6794412294602,187.59
2023-11-16,Taylor's Bar,Whiskey,Jim Beam,292.0518205436431,181.11
2023-11-20,Taylor's Bar,Whiskey,Jim Beam,424.57614718789347,952.32
2023-12-03,Taylor's Bar,Whiskey,Jim Beam,399.52117531664544,542.69
2023-12-04,Taylor's Bar,Whiskey,Jim Beam,352.5692382033617,532.39
2023-12-08,Taylor's Bar,Whiskey,Jim Beam,325.55258044928877,341.12
2023-12-12,Taylor's Bar,Whiskey,Jim Beam,334.2974545878028,522.56
2023-12-13,Taylor's Bar,Whiskey,Jim Beam,234.55135042293148,107.29
2023-12-20,Taylor's Bar,Whiskey,Jim Beam,352.4382733764214,337.62
2023-12-22,Taylor's Bar,Whiskey,Jim Beam,329.23650747557093,358.99
2023-12-29,Taylor's Bar,Whiskey,Jim Beam,328.98952451008506,349.75
2023-12-31,Taylor's Bar,Whiskey,Jim Beam,299.4461127837196,253.33
2023-10-18,Taylor's Bar,Wine,Barefoot,354.1899760637436,399.39
2023-10-24,Taylor's Bar,Wine,Barefoot,339.98653308861896,152.81
2023-11-01,Taylor's Bar,Wine,Barefoot,346.7792070028084,572.78
2023-11-12,Taylor's Bar,Wine,Barefoot,351.6609419075811,592.53
2023-11-14,Taylor's Bar,Wine,Barefoot,345.1416785950294,588.63
2023-11-15,Taylor's Bar,Wine,Barefoot,436.20102836592355,529.64
2023-11-18,Taylor's Bar,Wine,Barefoot,362.32248726703517,423.94
2023-11-22,Taylor's Bar,Wine,Barefoot,348.0234884854851,447.22
2023-11-30,Taylor's Bar,Wine,Barefoot,353.31059325697174,249.14
2023-12-08,Taylor's Bar,Wine,Barefoot,347.3244145770517,372.79
2023-12-09,Taylor's Bar,Wine,Barefoot,339.2555959572881,100.05
2023-12-12,Taylor's Bar,Wine,Barefoot,317.3697540693779,129.34
2023-12-14,Taylor's Bar,Wine,Barefoot,324.68775264529086,165.18
2023-10-20,Taylor's Bar,Wine,Sutter Home,312.5892127443322,182.55
2023-11-03,Taylor's Bar,Wine,Sutter Home,324.71462405787537,146.4
2023-11-07,Taylor's Bar,Wine,Sutter Home,340.32919448620726,354.76
2023-11-08,Taylor's Bar,Wine,Sutter Home,342.3627461763984,541.66
2023-11-11,Taylor's Bar,Wine,Sutter Home,336.84556142920974,461.56
2023-11-13,Taylor's Bar,Wine,Sutter Home,380.0698638717509,569.46
2023-11-16,Taylor's Bar,Wine,Sutter Home,348.5692131993519,402.25
2023-12-04,Taylor's Bar,Wine,Sutter Home,356.87799265137176,483.36
2023-12-07,Taylor's Bar,Wine,Sutter Home,335.69601489902766,186.02
2023-12-10,Taylor's Bar,Wine,Sutter Home,424.55699536348345,1126.0
2023-12-15,Taylor's Bar,Wine,Sutter Home,59.935366413238455,98.72
2023-12-16,Taylor's Bar,Wine,Sutter Home,7.364880309566056,0.0
2023-12-20,Taylor's Bar,Wine,Sutter Home,22.944754617832405,0.0
2023-12-27,Taylor's Bar,Wine,Sutter Home,67.85494148395098,0.0
2023-12-30,Taylor's Bar,Wine,Sutter Home,77.3053555445213,0.0
2023-10-23,Taylor's Bar,Wine,Yellow Tail,88.93673636289837,0.0
2023-10-25,Taylor's Bar,Wine,Yellow Tail,88.93673636289837,0.0
2023-10-27,Taylor's Bar,Wine,Yellow Tail,88.93673636289837,0.0
2023-10-29,Taylor's Bar,Wine,Yellow Tail,88.93673636289837,0.0
2023-10-31,Taylor's Bar,Wine,Yellow Tail,88.93673636289837,0.0
2023-11-04,Taylor's Bar,Wine,Yellow Tail,71.82054285739513,0.0
2023-11-26,Taylor's Bar,Wine,Yellow Tail,163.89323039636696,549.3
2023-11-29,Taylor's Bar,Wine,Yellow Tail,375.8947581567578,481.4
2023-12-01,Taylor's Bar,Wine,Yellow Tail,307.3365746423929,217.3
2023-12-02,Taylor's Bar,Wine,Yellow Tail,324.65847606215686,366.65
2023-12-11,Taylor's Bar,Wine,Yellow Tail,349.7174326182336,522.01
2023-12-17,Taylor's Bar,Wine,Yellow Tail,210.51990799217722,221.79
2023-12-22,Taylor's Bar,Wine,Yellow Tail,49.89409031342668,284.44
2023-12-23,Taylor's Bar,Wine,Yellow Tail,305.90352121042326,0.0
2023-10-23,Thomas's Bar,Beer,Budweiser,339.82148789195907,387.63
2023-10-28,Thomas's Bar,Beer,Budweiser,274.0370508032411,361.69
2023-11-10,Thomas's Bar,Beer,Budweiser,366.39020432536347,225.5
2023-11-11,Thomas's Bar,Beer,Budweiser,373.3142057814937,396.9
2023-11-20,Thomas's Bar,Beer,Budweiser,376.0823892781887,506.03
2023-11-29,Thomas's Bar,Beer,Budweiser,335.4161094077822,377.7
2023-12-05,Thomas's Bar,Beer,Budweiser,358.59756245703534,428.03
2023-12-06,Thomas's Bar,Beer,Budweiser,355.60039961778494,144.48
2023-12-12,Thomas's Bar,Beer,Budweiser,334.0647479867034,215.83
2023-12-13,Thomas's Bar,Beer,Budweiser,337.8469629317447,262.68
2023-12-14,Thomas's Bar,Beer,Budweiser,341.7591622119428,416.43
2023-12-16,Thomas's Bar,Beer,Budweiser,326.8856114885428,351.11
2023-12-22,Thomas's Bar,Beer,Budweiser,298.22237706343947,0.0
2023-10-24,Thomas's Bar,Beer,Coors,147.67128425506593,0.0
2023-10-25,Thomas's Bar,Beer,Coors,137.41892713113134,412.43
2023-11-03,Thomas's Bar,Beer,Coors,243.84723874402872,209.04
2023-11-14,Thomas's Bar,Beer,Coors,343.3651724831988,447.52
2023-11-15,Thomas's Bar,Beer,Coors,399.7961062806797,511.68
2023-11-22,Thomas's Bar,Beer,Coors,372.5713961006551,533.72
2023-10-16,Thomas's Bar,Beer,Heineken,360.1187801297867,427.95
2023-10-21,Thomas's Bar,Beer,Heineken,398.1982101122543,300.39
2023-10-27,Thomas's Bar,Beer,Heineken,349.7813918774417,393.47
2023-11-28,Thomas's Bar,Beer,Heineken,343.0621942669255,574.57
2023-12-26,Thomas's Bar,Beer,Heineken,277.53617591750145,364.12
2023-10-26,Thomas's Bar,Beer,Miller,398.08852917061404,519.32
2023-11-02,Thomas's Bar,Beer,Miller,305.2951441566793,265.01
2023-11-07,Thomas's Bar,Beer,Miller,352.1528327615103,226.55
2023-11-24,Thomas's Bar,Beer,Miller,379.69062430623,486.78
2023-11-27,Thomas's Bar,Beer,Miller,350.0253441424594,596.0
2023-12-11,Thomas's Bar,Beer,Miller,391.42788686791704,549.24
2023-10-20,Thomas's Bar,Rum,Bacardi,337.7635068259496,459.85
2023-10-26,Thomas's Bar,Rum,Bacardi,328.7903760984148,202.98
2023-10-27,Thomas's Bar,Rum,Bacardi,322.5616211605818,402.49
2023-10-30,Thomas's Bar,Rum,Bacardi,335.3579465527781,503.07
2023-11-03,Thomas's Bar,Rum,Bacardi,334.20861136484643,174.34
2023-11-04,Thomas's Bar,Rum,Bacardi,336.23953807941797,246.88
2023-11-06,Thomas's Bar,Rum,Bacardi,361.1750698368189,362.27
2023-11-14,Thomas's Bar,Rum,Bacardi,352.5106987321226,787.31
2023-11-17,Thomas's Bar,Rum,Bacardi,336.30258527764335,131.49
2023-11-22,Thomas's Bar,Rum,Bacardi,362.5104683438559,538.15
2023-11-24,Thomas's Bar,Rum,Bacardi,328.2640464948165,375.19
2023-11-30,Thomas's Bar,Rum,Bacardi,409.7494273812025,563.21
2023-12-10,Thomas's Bar,Rum,Bacardi,323.3178024206754,119.71
2023-12-17,Thomas's Bar,Rum,Bacardi,343.40254263535957,298.07
2023-12-22,Thomas's Bar,Rum,Bacardi,374.8578724913713,572.6
2023-10-16,Thomas's Bar,Rum,Captain Morgan,349.8630438971346,541.31
2023-11-02,Thomas's Bar,Rum,Captain Morgan,324.03735987844874,277.77
2023-11-05,Thomas's Bar,Rum,Captain Morgan,373.55530855028,579.86
2023-11-07,Thomas's Bar,Rum,Captain Morgan,336.6175319936793,122.8
2023-11-11,Thomas's Bar,Rum,Captain Morgan,344.23380434585454,269.57
2023-11-16,Thomas's Bar,Rum,Captain Morgan,337.2888339663336,169.56
2023-11-19,Thomas's Bar,Rum,Captain Morgan,360.4630737483008,156.29
2023-11-25,Thomas's Bar,Rum,Captain Morgan,349.5404860043469,274.57
2023-12-04,Thomas's Bar,Rum,Captain Morgan,323.57258363346847,300.55
2023-12-06,Thomas's Bar,Rum,Captain Morgan,351.790482281995,590.28
2023-12-11,Thomas's Bar,Rum,Captain Morgan,338.61848620485716,536.8
2023-12-13,Thomas's Bar,Rum,Captain Morgan,331.2915814267593,237.35
2023-12-15,Thomas's Bar,Rum,Captain Morgan,306.02525420420676,123.94
2023-10-19,Thomas's Bar,Rum,Malibu,357.7317267388836,203.76
2023-10-21,Thomas's Bar,Rum,Malibu,332.4863578042129,536.8
2023-10-24,Thomas's Bar,Rum,Malibu,336.62369072672726,188.35
2023-11-09,Thomas's Bar,Rum,Malibu,341.12028850032414,191.86
2023-11-12,Thomas's Bar,Rum,Malibu,327.46668778840484,116.61
2023-11-13,Thomas's Bar,Rum,Malibu,353.46704429692977,312.85
2023-11-15,Thomas's Bar,Rum,Malibu,341.6044419495544,261.37
2023-11-20,Thomas's Bar,Rum,Malibu,338.39074191151616,109.8
2023-11-26,Thomas's Bar,Rum,Malibu,348.78986287671233,514.35
2023-11-27,Thomas's Bar,Rum,Malibu,336.65485576185574,362.14
2023-12-21,Thomas's Bar,Rum,Malibu,330.32724461379826,236.94
2023-12-28,Thomas's Bar,Rum,Malibu,364.72775420277935,429.13
2023-10-18,Thomas's Bar,Vodka,Absolut,351.33703036475583,173.5
2023-10-20,Thomas's Bar,Vodka,Absolut,337.6468283611224,248.73
2023-10-23,Thomas's Bar,Vodka,Absolut,332.2579429551433,464.48
2023-10-25,Thomas's Bar,Vodka,Absolut,347.39397833720716,164.75
2023-10-27,Thomas's Bar,Vodka,Absolut,341.0952944926605,267.39
2023-10-29,Thomas's Bar,Vodka,Absolut,347.65585617896494,143.27
2023-11-03,Thomas's Bar,Vodka,Absolut,343.9172983207427,182.15
2023-11-05,Thomas's Bar,Vodka,Absolut,343.53593179106076,359.51
2023-11-10,Thomas's Bar,Vodka,Absolut,334.6685274494893,496.83
2023-11-26,Thomas's Bar,Vodka,Absolut,341.4522506578482,354.39
2023-12-06,Thomas's Bar,Vodka,Absolut,350.53370380806905,473.61
2023-12-10,Thomas's Bar,Vodka,Absolut,357.0166287391196,119.85
2023-12-24,Thomas's Bar,Vodka,Absolut,285.65288700530806,128.52
2023-10-17,Thomas's Bar,Vodka,Grey Goose,339.14376151702646,551.63
2023-10-21,Thomas's Bar,Vodka,Grey Goose,317.22026824409176,284.25
2023-10-22,Thomas's Bar,Vodka,Grey Goose,322.86032748743537,275.94
2023-10-28,Thomas's Bar,Vodka,Grey Goose,329.1397223837668,436.48
2023-11-04,Thomas's Bar,Vodka,Grey Goose,339.5883495161359,187.06
2023-11-06,Thomas's Bar,Vodka,Grey Goose,356.9443305502029,133.53
2023-11-13,Thomas's Bar,Vodka,Grey Goose,369.63061607583876,383.19
2023-11-16,Thomas's Bar,Vodka,Grey Goose,353.01488739346377,237.31
2023-11-19,Thomas's Bar,Vodka,Grey Goose,307.40094428826114,186.29
2023-11-25,Thomas's Bar,Vodka,Grey Goose,324.69036326661717,358.29
2023-11-28,Thomas's Bar,Vodka,Grey Goose,365.38112870082216,439.55
2023-12-01,Thomas's Bar,Vodka,Grey Goose,340.61607160799497,113.86
2023-12-02,Thomas's Bar,Vodka,Grey Goose,357.3996845161128,557.46
2023-12-03,Thomas's Bar,Vodka,Grey Goose,340.76157583296055,598.95
2023-12-07,Thomas's Bar,Vodka,Grey Goose,342.9903292748631,276.47
2023-12-09,Thomas's Bar,Vodka,Grey Goose,340.60310140368557,211.27
2023-12-15,Thomas's Bar,Vodka,Grey Goose,356.53694860216694,391.2
2023-12-18,Thomas's Bar,Vodka,Grey Goose,362.70205322154317,366.02
2023-12-20,Thomas's Bar,Vodka,Grey Goose,340.92252048809183,395.97
2023-12-23,Thomas's Bar,Vodka,Grey Goose,341.54686212985996,0.0
2023-12-25,Thomas's Bar,Vodka,Grey Goose,345.4027784327876,573.73
2023-12-26,Thomas's Bar,Vodka,Grey Goose,344.31850534175265,529.16
2023-10-26,Thomas's Bar,Vodka,Smirnoff,357.05066824063505,511.44
2023-10-30,Thomas's Bar,Vodka,Smirnoff,376.0208811962257,464.65
2023-11-01,Thomas's Bar,Vodka,Smirnoff,352.28290511323,226.62
2023-11-15,Thomas's Bar,Vodka,Smirnoff,335.47098654985956,591.32
2023-11-18,Thomas's Bar,Vodka,Smirnoff,323.6566267542874,0.0
2023-11-23,Thomas's Bar,Vodka,Smirnoff,371.47256493469297,402.43
2023-11-27,Thomas's Bar,Vodka,Smirnoff,340.87320771188564,468.1
2023-11-30,Thomas's Bar,Vodka,Smirnoff,341.198773715511,127.74
2023-12-05,Thomas's Bar,Vodka,Smirnoff,352.97870656417376,214.11
2023-12-08,Thomas's Bar,Vodka,Smirnoff,396.91523087713,596.89
2023-12-13,Thomas's Bar,Vodka,Smirnoff,351.3757522353031,487.82
2023-12-16,Thomas's Bar,Vodka,Smirnoff,360.3526474121172,281.1
2023-12-19,Thomas's Bar,Vodka,Smirnoff,347.82328043702336,474.32
2023-10-19,Thomas's Bar,Whiskey,Jack Daniels,330.7360242643507,444.75
2023-10-26,Thomas's Bar,Whiskey,Jack Daniels,342.5719419641506,200.04
2023-10-27,Thomas's Bar,Whiskey,Jack Daniels,315.23803820060016,162.11
2023-11-14,Thomas's Bar,Whiskey,Jack Daniels,358.9942638388056,213.85
2023-11-20,Thomas's Bar,Whiskey,Jack Daniels,379.1957996831864,465.7
2023-11-21,Thomas's Bar,Whiskey,Jack Daniels,335.81402953441795,142.66
2023-12-05,Thomas's Bar,Whiskey,Jack Daniels,338.6080027701434,498.85
2023-12-07,Thomas's Bar,Whiskey,Jack Daniels,355.2069942116261,564.5
2023-12-12,Thomas's Bar,Whiskey,Jack Daniels,319.56715044013276,179.69
2023-12-21,Thomas's Bar,Whiskey,Jack Daniels,333.13282662975354,359.85
2023-12-26,Thomas's Bar,Whiskey,Jack Daniels,326.67927359536344,276.22
2023-10-18,Thomas's Bar,Whiskey,Jameson,93.05728632536477,0.0
2023-10-30,Thomas's Bar,Whiskey,Jameson,115.26887172597817,0.0
2023-10-31,Thomas's Bar,Whiskey,Jameson,75.92179797393013,0.0
2023-11-02,Thomas's Bar,Whiskey,Jameson,75.36791004979959,0.0
2023-11-07,Thomas's Bar,Whiskey,Jameson,86.8296485981884,0.0
2023-11-18,Thomas's Bar,Whiskey,Jameson,111.07362147619978,0.0
2023-11-22,Thomas's Bar,Whiskey,Jameson,97.95366262066824,0.0
2023-11-25,Thomas's Bar,Whiskey,Jameson,102.1553025102829,0.0
2023-11-27,Thomas's Bar,Whiskey,Jameson,99.43049710631388,0.0
2023-11-29,Thomas's Bar,Whiskey,Jameson,102.1553025102829,0.0
2023-11-30,Thomas's Bar,Whiskey,Jameson,172.86926794824993,0.0
2023-12-08,Thomas's Bar,Whiskey,Jameson,152.6992853149323,0.0
2023-12-24,Thomas's Bar,Whiskey,Jameson,159.96773737351234,0.0
2023-12-25,Thomas's Bar,Whiskey,Jameson,167.15282433758867,532.17
2023-12-29,Thomas's Bar,Whiskey,Jameson,368.74390130740807,359.46
2023-10-22,Thomas's Bar,Whiskey,Jim Beam,310.90810461556583,501.29
2023-10-24,Thomas's Bar,Whiskey,Jim Beam,144.34171078329166,31.25
2023-10-28,Thomas's Bar,Whiskey,Jim Beam,50.47732982091819,0.0
2023-11-05,Thomas's Bar,Whiskey,Jim Beam,63.74420522483281,0.0
2023-11-06,Thomas's Bar,Whiskey,Jim Beam,78.17555677255667,0.0
2023-11-08,Thomas's Bar,Whiskey,Jim Beam,69.84413748745135,0.0
2023-11-10,Thomas's Bar,Whiskey,Jim Beam,116.88271116224207,0.0
2023-11-12,Thomas's Bar,Whiskey,Jim Beam,70.9927867124433,0.0
2023-11-15,Thomas's Bar,Whiskey,Jim Beam,78.93988269573649,0.0
2023-11-17,Thomas's Bar,Whiskey,Jim Beam,173.96336212948006,564.43
2023-11-19,Thomas's Bar,Whiskey,Jim Beam,332.9365254368334,513.11
2023-11-24,Thomas's Bar,Whiskey,Jim Beam,349.41763900014683,222.72
2023-11-26,Thomas's Bar,Whiskey,Jim Beam,335.8443053374359,468.55
2023-11-28,Thomas's Bar,Whiskey,Jim Beam,316.26788174863765,172.85
2023-12-03,Thomas's Bar,Whiskey,Jim Beam,344.1466059800822,309.37
2023-12-04,Thomas's Bar,Whiskey,Jim Beam,339.8821730378161,154.29
2023-12-10,Thomas's Bar,Whiskey,Jim Beam,350.69085646240876,121.82
2023-12-16,Thomas's Bar,Whiskey,Jim Beam,318.86393857743315,172.52
2023-12-17,Thomas's Bar,Whiskey,Jim Beam,338.3551354200017,229.8
2023-12-20,Thomas's Bar,Whiskey,Jim Beam,336.41510775078933,225.64
2023-10-19,Thomas's Bar,Wine,Barefoot,336.3659380480047,347.61
2023-10-21,Thomas's Bar,Wine,Barefoot,315.6383125867779,142.84
2023-10-25,Thomas's Bar,Wine,Barefoot,336.3866043968144,163.09
2023-10-29,Thomas's Bar,Wine,Barefoot,338.78085986249084,340.8
2023-11-08,Thomas's Bar,Wine,Barefoot,331.7934948601017,245.15
2023-11-10,Thomas's Bar,Wine,Barefoot,342.7184624405559,127.78
2023-11-17,Thomas's Bar,Wine,Barefoot,322.61078049357536,442.83
2023-11-21,Thomas's Bar,Wine,Barefoot,323.9003571430932,0.0
2023-11-23,Thomas's Bar,Wine,Barefoot,325.6025243046544,151.99
2023-11-24,Thomas's Bar,Wine,Barefoot,350.9679247457999,483.27
2023-11-30,Thomas's Bar,Wine,Barefoot,334.7183839911818,370.12
2023-12-06,Thomas's Bar,Wine,Barefoot,335.10296414106466,255.23
2023-12-12,Thomas's Bar,Wine,Barefoot,329.16516298881317,499.21
2023-12-15,Thomas's Bar,Wine,Barefoot,332.30763379560887,405.34
2023-12-18,Thomas's Bar,Wine,Barefoot,325.2199008943947,360.34
2023-12-24,Thomas's Bar,Wine,Barefoot,330.4963511787407,0.0
2023-12-25,Thomas's Bar,Wine,Barefoot,336.1817479992279,387.91
2023-10-20,Thomas's Bar,Wine,Sutter Home,248.27496263183613,212.46
2023-11-01,Thomas's Bar,Wine,Sutter Home,147.20783119767614,525.32
2023-11-05,Thomas's Bar,Wine,Sutter Home,337.95004991238795,474.0
2023-11-18,Thomas's Bar,Wine,Sutter Home,369.96856725084274,467.74
2023-11-20,Thomas's Bar,Wine,Sutter Home,203.61236070457014,314.47
2023-12-03,Thomas's Bar,Wine,Sutter Home,100.91810103992837,13.73
2023-12-07,Thomas's Bar,Wine,Sutter Home,53.2749827789556,0.0
2023-12-19,Thomas's Bar,Wine,Sutter Home,61.63748632893339,0.0
2023-12-20,Thomas's Bar,Wine,Sutter Home,83.80194193339831,0.0
2023-12-21,Thomas's Bar,Wine,Sutter Home,69.80561754443367,0.0
2023-12-27,Thomas's Bar,Wine,Sutter Home,88.59369757178203,110.36
2023-10-17,Thomas's Bar,Wine,Yellow Tail,313.0457297047327,423.53
2023-10-23,Thomas's Bar,Wine,Yellow Tail,117.01226064112552,124.6
2023-10-24,Thomas's Bar,Wine,Yellow Tail,331.83358908013884,128.2
2023-10-28,Thomas's Bar,Wine,Yellow Tail,338.2331392346477,392.86
2023-10-31,Thomas's Bar,Wine,Yellow Tail,323.6713171823115,309.6
2023-11-02,Thomas's Bar,Wine,Yellow Tail,366.68572768787334,527.97
2023-11-03,Thomas's Bar,Wine,Yellow Tail,328.8257562044778,447.34
2023-11-07,Thomas's Bar,Wine,Yellow Tail,363.1641507669682,578.1
2023-11-09,Thomas's Bar,Wine,Yellow Tail,342.1007168162864,227.01
2023-11-16,Thomas's Bar,Wine,Yellow Tail,366.77637424196405,481.2
2023-11-19,Thomas's Bar,Wine,Yellow Tail,326.9429211870196,360.25
2023-11-22,Thomas's Bar,Wine,Yellow Tail,315.4488512874781,283.23
2023-11-28,Thomas's Bar,Wine,Yellow Tail,330.0621075159937,410.18
2023-12-01,Thomas's Bar,Wine,Yellow Tail,352.9516034904385,371.03
2023-12-02,Thomas's Bar,Wine,Yellow Tail,338.22491880275265,528.9
2023-12-09,Thomas's Bar,Wine,Yellow Tail,343.95384474985474,314.52
2023-12-13,Thomas's Bar,Wine,Yellow Tail,314.3452891290379,191.99
2023-12-14,Thomas's Bar,Wine,Yellow Tail,314.07629943821235,365.93
2023-12-23,Thomas's Bar,Wine,Yellow Tail,344.36252574713643,599.06
